,molecule,ref_name,ff_name,mse_liq_density,mapd_liq_density,mae_liq_density,mpd_liq_density,mse_surf_tens,mapd_surf_tens,mae_surf_tens,mpd_surf_tens,mse_vap_density,mapd_vap_density,mae_vap_density,mpd_vap_density,mse_Pvap,mapd_Pvap,mae_Pvap,mpd_Pvap,mse_Hvap,mapd_Hvap,mae_Hvap,mpd_Hvap,mse_diff_coeff,mapd_diff_coeff,mae_diff_coeff,mpd_diff_coeff,mse_Tc,mapd_Tc,mae_Tc,mpd_Tc,mse_rhoc,mapd_rhoc,mae_rhoc,mpd_rhoc
0,DEC,Caleman et al.,GAFF,,,,,,,,,,,,,,,,,,,,,,,,,,,,,,,,
1,DEC,Caleman et al.,OPLS/AA,,,,,,,,,,,,,,,,,,,,,,,,,,,,,,,,
2,DEC,Garcia-Melgarejo et al.,Modified OPLSAA-LPG,,,,,,,,,,,,,,,,,,,,,,,,,,,,,,,,
3,DEC,Luo et al.,Luo et al.,,,,,,,,,,,,,,,,,,,,,,,,,,,,,,,,
4,DMF,Caleman et al.,GAFF,,,,,,,,,,,,,,,,,6039.19215256292,12.113427326206716,77.71223940000004,12.113427326206716,,,,,,,,,,,,
5,DMF,Caleman et al.,OPLS/AA,,,,,,,,,,,,,,,,,122.81952991504785,1.7274732439855511,11.082397300000025,-1.7274732439855511,,,,,,,,,,,,
6,DMF,Chalaris & Samios,Chalaris & Samios,,,,,,,,,,,,,,,,,,,,,1.5209999999999992e-19,23.780487804878042,3.899999999999999e-10,-23.780487804878042,,,,,,,,
7,DMF,Vahid & Maginn,Vahid & Maginn,,,,,,,,,,,,,,,,,,,,,,,,,0.5387853603999806,0.11299568965517039,0.7340199999999868,-0.11299568965517039,0.026895999999995823,0.05873841348977352,0.16399999999998727,-0.05873841348977352
8,DMSO,Borin & Skaf,Borin & Skaf,,,,,,,,,,,,,,,,,,,,,,,,,,,,,,,,
9,DMSO,Caleman et al.,GAFF,,,,,,,,,,,,,,,,,,,,,,,,,,,,,,,,
10,DMSO,Caleman et al.,OPLS/AA,,,,,,,,,,,,,,,,,,,,,,,,,,,,,,,,
11,DMSO,Senapati,Modified P2,,,,,,,,,,,,,,,,,,,,,,,,,,,,,,,,
12,DMSO,Vahid & Maginn,Vahid & Maginn,,,,,,,,,,,,,,,,,,,,,,,,,,,,,,,,
13,EG,Huang et al.,Huang et al.,4.519379014792763,0.24044428734169365,2.1045139999999947,-0.14174970308559845,,,,,1.820694144361666,17.756937902135146,0.99610302,7.72629562792483,3.089405090720003,4.558065192628188,1.0036080000000005,-4.558065192628187,2363.485198244448,4.667458205471413,38.31201270000001,3.2534692679472528,,,,,5.7599999999998905,0.33351862145636146,2.3999999999999773,0.33351862145636146,661.9042562499982,6.564134096884594,25.727499999999964,-6.564134096884594
14,EG,Stubbs et al.,TraPPE-UA,1882.430759999997,4.462942007711167,36.56799999999996,-4.462942007711167,,,,,2.798542283379997,9.770256452181195,1.2526059999999992,7.484757677902486,1.0576176231200018,7.466001043444311,0.7008120000000008,1.1842497424263425,,,,,,,,,2.560000000000073,0.22234574763757958,1.6000000000000227,-0.22234574763757958,2697.8155402499983,13.25213903640986,51.940499999999986,-13.25213903640986
15,Gly,Caleman et al.,GAFF,2410.8100000000136,3.893426373800661,49.100000000000136,3.893426373800661,,,,,,,,,,,,,,,,,,,,,,,,,,,,
16,Gly,Caleman et al.,OPLS/AA,1.959999999999618,0.11101419395764521,1.3999999999998636,-0.11101419395764521,,,,,,,,,,,,,,,,,,,,,,,,,,,,
17,Gly,Jahn et al.,BC-FF,,,,,,,,,,,,,,,,,,,,,,,,,,,,,,,,
18,Gly,Jahn et al.,OPLS1-FF,,,,,,,,,,,,,,,,,,,,,,,,,,,,,,,,
19,Gly,Jahn et al.,OPLS2-FF,,,,,,,,,,,,,,,,,,,,,,,,,,,,,,,,
20,Gly,Jahn et al.,OPLS3-FF,,,,,,,,,,,,,,,,,,,,,,,,,,,,,,,,
21,Gly,Jahn et al.,R-FF,,,,,,,,,,,,,,,,,,,,,,,,,,,,,,,,
22,MeOH,Caleman et al.,GAFF,,,,,,,,,,,,,,,,,,,,,,,,,,,,,,,,
23,MeOH,Caleman et al.,OPLS/AA,,,,,,,,,,,,,,,,,,,,,,,,,,,,,,,,
24,MeOH,Chen et al.,TraPPE-UA,6.300099999999954,0.3199449337803203,2.509999999999991,-0.3199449337803203,,,,,0.0002634128999999998,6.5913982861552185,0.016229999999999994,-6.5913982861552185,0.0002829123999999991,9.003318702494365,0.016819999999999974,-9.003318702494365,4444.083296225746,5.716487133093791,66.66395799999987,5.716487133093791,,,,,110.25,2.048780487804878,10.5,-2.048780487804878,124.41171599999991,4.073092175894479,11.153999999999996,4.073092175894479
25,MeOH,Gonzalez-Salgado & Vega,OPLS/2016,,,,,11.589596202499997,110.47095443150332,3.3032249999999994,110.47095443150333,,,,,,,,,,,,,,,,,93.93059956839988,1.8910790243902427,9.691779999999994,1.8910790243902427,69.32227600000036,3.040394966514034,8.326000000000022,-3.040394966514034
26,MeOH,Guevara-Carrion et al.,L2,,,,,,,,,,,,,,,,,,,,,,,,,1.6055930943999421,0.24724292682926385,1.2671199999999772,-0.24724292682926385,14.017535999999785,1.3671917793212138,3.7439999999999714,1.3671917793212138
27,MeOH,Haughney et al.,H1,,,,,,,,,,,,,,,,,,,,,,,,,1241.8385704729005,6.8760448780487815,35.23973000000001,-6.8760448780487815,2302.656195999999,17.52298737246481,47.98599999999999,-17.52298737246481
28,MeOH,Jorgensen,OPLS (Gonzalez-Salgado & Vega),,,,,,,,,,,,,,,,,,,,,,,,,487.9256881216005,4.310056585365856,22.08904000000001,-4.310056585365856,23.77537599999977,1.780562798068979,4.875999999999976,-1.780562798068979
29,MeOH,Martinez-Jimenez et al.,MeOH-4P,47.69251450000017,1.0671091976925977,5.679000000000016,0.5876939947498121,3.092253702499999,57.96930471002925,1.6907249999999996,57.96930471002924,992.7431364177322,67.68646794337924,20.69196925,-67.68646794337926,313.9520304501523,57.57715783122024,12.777375750000001,-57.577157831220234,,,,,,,,,88.35999999999957,1.8341463414634103,9.399999999999977,1.8341463414634103,355.1717160000001,6.881970158410203,18.846000000000004,-6.881970158410203
30,MeOH,van Leeuwen & Smit,L1,,,,,,,,,,,,,,,,,,,,,,,,,45.51634169639993,1.3164058536585355,6.7465799999999945,-1.3164058536585355,0.08643599999998984,0.10735961087617958,0.2939999999999827,0.10735961087617958
