,sigma_C1,sigma_C2,sigma_H1,sigma_H2,sigma_O1,epsilon_C1,epsilon_C2,epsilon_H1,epsilon_H2,epsilon_O1
0,0.4868745226669767,0.6305139309951521,0.416121571548774,0.023873964050047044,0.8584991685754438,0.1306322327730187,0.25497367347717215,0.16589385790808617,0.43601465285623975,0.6826603252357814
1,0.5434848378659034,0.6836078719394962,0.013725652061729376,0.7827746184705867,0.3274772587052102,0.5622325132396275,0.635022498582828,0.10603669040393124,0.6868891038527941,0.1350551992615906
2,0.563923456508822,0.5141989398307107,0.13193730197863485,0.1947802899601931,0.08982159860613201,0.9524255558986431,0.3976689698733735,0.3304141611340357,0.6518538687275449,0.41242941176700243
3,0.9125156328230325,0.3687624253898633,0.11994102987228747,0.22903798928007343,0.8915398393955908,0.048996966380065024,0.888152318446989,0.6899813287897396,0.06584976135099127,0.1992276945946928
4,0.7786620034771811,0.9755983392300959,0.8074510459506579,0.5657642487681707,0.38180141416528734,0.6962911452631907,0.4195425219746848,0.6072942808931175,0.2924611388184983,0.5756433031165356
5,0.6531936797049291,0.3320090796639639,0.6397037417882725,0.6830618409944463,0.873384818268709,0.03924900135464774,0.6159183094809046,0.6481027691422484,0.9001062605779439,0.17205004153494696
6,0.8219747187308508,0.4518100170960584,0.8766177487809361,0.36924605990415815,0.32279843266405905,0.16380218019085238,0.012987508509480092,0.41951647953034127,0.1801608597447559,0.2489249798132206
7,0.5516411741869436,0.5184978995926046,0.9306296148692524,0.7916889263083077,0.7243419209209584,0.015774628395627235,0.32027525914427507,0.14548041605902037,0.3471514042607036,0.9892727002311953
8,0.6040376825251583,0.5653604715762773,0.09723836756166367,0.5890972375077554,0.8655797155290176,0.1967921414738876,0.14215152862763097,0.2181185608193504,0.5979452235892143,0.9988025539365908
9,0.4098097135665438,0.8506189059594537,0.20766134891592952,0.2072618240039313,0.013389183451098874,0.15124337540072536,0.7798740156459912,0.448139073637174,0.48484824852807945,0.3693855394889749
10,0.00016425882301316142,0.9017111963498075,0.9828588987680525,0.7023812994604477,0.5406359539571761,0.28827894666501985,0.10204854508855142,0.13158157813330226,0.7382229311148825,0.04240450756752005
11,0.6261737630836074,0.045454103430047244,0.6092446886096159,0.9603329030384629,0.9249741056709229,0.4812351124820113,0.9009473658484137,0.5843161797422871,0.6079054817454341,0.34592371861002474
12,0.26492864405157696,0.5768576902606686,0.33103488170950984,0.7174349820858889,0.9913707528972445,0.3438678825865143,0.4940073942600366,0.8381843652472483,0.9391029698621642,0.9282696928044376
13,0.615259379692946,0.1471333364119444,0.1632996596628958,0.06364237690095607,0.6202398025464624,0.5377776089517644,0.8950980262455971,0.007422386654468645,0.44739416935486886,0.9005172973814201
14,0.1612861629089248,0.08209673568073589,0.8928667524808188,0.24060906070290858,0.2529417692504656,0.45538620211915765,0.4096564232393907,0.7828500156904942,0.002402425900610705,0.8652453090220908
15,0.1537450037666762,0.7659698042636894,0.006617644000007032,0.2364145704785944,0.876851889085799,0.4901421964576921,0.6283365927039434,0.7880086222016032,0.7739854412389324,0.10474647972363865
16,0.8689354590251233,0.01042267801438046,0.06079915591420806,0.5494379712925371,0.5769811048734157,0.09760401752555188,0.7120265756475587,0.40170362496695466,0.9784667025455556,0.6201932457763177
17,0.9526707998246944,0.061859495725675465,0.7768238690805015,0.8840805530174515,0.3496906729092181,0.042942415882510125,0.9611798495578077,0.36092389105854117,0.7013500537549896,0.6994339752373739
18,0.07543322569234477,0.07098981711001358,0.44561154316675233,0.1273834792351241,0.38542182282449633,0.19476673881023057,0.199848555830342,0.04489892213321926,0.3687361566102377,0.3787571511339551
19,0.9840624833282202,0.297164720908073,0.8248050707948348,0.2870480606608258,0.674169944234764,0.0066106314571634526,0.36989462322778055,0.18844714901473403,0.025308293565676928,0.44730801810061377
20,0.6659420629862663,0.6717098695919413,0.8719462460719324,0.1640437365995755,0.23712802625871096,0.234801567907705,0.17599167797454066,0.2201996454148691,0.2357299546432908,0.2047464517701697
21,0.708306699583099,0.14340998401068858,0.9144364150413857,0.0468669409033594,0.41101270912316834,0.03343139263998878,0.5306859538254064,0.7360143654357694,0.5293543102926284,0.6511657042163093
22,0.5305868964004904,0.5990135871508413,0.8571317941025073,0.04180625016988949,0.261953328712537,0.9695187716118597,0.6216940426949252,0.0818402263766024,0.1908805725549899,0.5859824365043483
23,0.11836415896033672,0.5463897633353673,0.9556636330621382,0.8655352612090461,0.064192438365265,0.3598664882495686,0.8517459627828888,0.11392661863628119,0.7321814513786647,0.7352759773509657
24,0.12810340187873717,0.18373612724807845,0.7027174497501906,0.5817137804336463,0.7444945051607267,0.3530970761824973,0.4493313940558074,0.6116877688919287,0.6258472373386841,0.8581157310929561
25,0.18814138023612792,0.1623023917052628,0.5689247111018095,0.17876295204191614,0.27835073858358794,0.5027128715093089,0.009592342698487133,0.991236339318165,0.45710472712785377,0.7085015306355474
26,0.364612267138245,0.9211840952429925,0.4693446050585434,0.4593339667882516,0.23434657877096363,0.9845936884444201,0.7904680381729987,0.658653778501633,0.9434679471039656,0.5958360284499896
27,0.216900382701441,0.4290642830672964,0.22782593293811704,0.3105803876763893,0.01812312991490268,0.7464455922340173,0.7645159614558176,0.02136337611630728,0.39611763237967373,0.9558711660914894
28,0.47662899504782397,0.8781463360258688,0.2546789399991695,0.057406118829698524,0.821212700468089,0.2740458089825516,0.9986688138669354,0.3723193997881032,0.1512583421855104,0.9355170663462041
29,0.2893712924123292,0.19907864893566754,0.5610023151430593,0.6567773918848826,0.33139513604095006,0.9450161441748435,0.22030410020654562,0.32578487466579203,0.3861144209547341,0.34302490392396784
30,0.011793854446950924,0.6440777717877672,0.46120252767359593,0.491211546677408,0.5063935239318265,0.2927760048778661,0.693109098356046,0.3929011453381503,0.22483330382444375,0.19077839941794253
31,0.23728815061222616,0.6380624068049914,0.7122598561586697,0.2313917989074017,0.988092695653008,0.90084679663294,0.7204026832684731,0.6430628385134467,0.4743109192282503,0.3261981335200491
32,0.745035255706257,0.11926005925618968,0.4764366216196927,0.5908733829984998,0.5803971402750182,0.16938309292861212,0.9095409504342419,0.8950606420907674,0.6994162175744921,0.09911596220431551
33,0.09212523533085491,0.8427686348185519,0.6562480390433609,0.3840472137592094,0.2454278611922004,0.4639140257684614,0.3511544450490668,0.1246619823736297,0.6926329870612142,0.644837208366774
34,0.9234309464680145,0.9984388466291249,0.14140125780430712,0.732724912584238,0.5197161281880355,0.18502319170285503,0.37055650346645835,0.43541838032513297,0.3187671223496318,0.6680294487263752
35,0.5088641024954332,0.004375468089111672,0.05483488037667132,0.8474833177600679,0.669384331719668,0.4541184781431593,0.1806976215977119,0.22757878615683033,0.2890814823948988,0.9166506772009134
36,0.29867067561152594,0.11236531399974972,0.8535852356606882,0.5724191940624452,0.08185733204625426,0.3923189596022937,0.8830219794635255,0.07604593100614736,0.9806328127542716,0.809103143681559
37,0.17431845637590984,0.3194340417960898,0.4401020163477584,0.01029204348572041,0.1938466640884945,0.9951504621320892,0.43896091166438295,0.20246761991905934,0.9725130747789024,0.3354252204863058
38,0.8947973557005261,0.7284232459278281,0.9720001265076713,0.1746680089074836,0.21881724711796988,0.7876746827295124,0.5255957148656539,0.7761952023917111,0.2058550976521913,0.8361946511373535
39,0.656461396119751,0.39075153328676776,0.021592616546316553,0.081321584703432,0.8484917774862388,0.7641617963855063,0.07121737510422106,0.1841708135211567,0.5104027207424001,0.7770167858132194
40,0.25835282943564086,0.10031678421673824,0.32422434864031074,0.6474276683115238,0.35454222963391885,0.6301728614545771,0.8171231196909419,0.6509816670109997,0.8685903879067616,0.13099101686665732
41,0.6314857901720545,0.8367815926510366,0.36524718592546485,0.9728325433095237,0.9679245578320393,0.751539394356075,0.5108247234692849,0.19832461989983102,0.5666517147265213,0.5689548129606795
42,0.7822415001317355,0.49615414149065934,0.24967342524424915,0.9163607896727787,0.3149228376152475,0.6352082498550236,0.687656650997508,0.2879546457185931,0.6413977767456615,0.5073835056501695
43,0.3813457557233837,0.21957621052633144,0.03218604064668564,0.18720945653575208,0.45533943054145587,0.8948019721095568,0.652735901784718,0.2318446354391998,0.8922462652436587,0.28962919451091296
44,0.5820338580340718,0.9188890155738636,0.9440222541033159,0.8306065455762618,0.5040107894613015,0.30772854623996765,0.48124856558880397,0.27646342306987703,0.8472327049703935,0.38096477126536804
45,0.75267091912898,0.26689807283130285,0.3709054167964053,0.0016095418199351841,0.1817908581664631,0.5829693563813144,0.34220838270953313,0.5930195866801182,0.4012785387235142,0.08309784921942874
46,0.25266689422840277,0.47622271455001075,0.9874817210076365,0.4833098371465902,0.5458659053056529,0.9280951870293355,0.4707763544966276,0.7310737979865064,0.8427635558811454,0.8914355453013509
47,0.2048280514987458,0.9880510079805909,0.3356983315690196,0.3421023032124082,0.697210870868883,0.9616763055722322,0.8116116418401288,0.8720820087447643,0.9678968534474504,0.879082581559066
48,0.10353678982432067,0.30853538911482736,0.3178462753767988,0.18000470622260092,0.25823724029060663,0.9877631035909036,0.07814186218086774,0.10209286130237566,0.3802605071026209,0.0855546355314074
49,0.10811430627147735,0.07866549428979033,0.6655780069782431,0.017530833305429205,0.051572294264409214,0.3246335428858517,0.36066721151556874,0.3434351741869154,0.012527365213562654,0.9740098945912027
50,0.5278987868863689,0.775859755413516,0.5908621037606315,0.1526316399346581,0.1361604464941074,0.7377096656713671,0.0031332182991039583,0.5622705551170977,0.15899329616420255,0.6634171923755997
51,0.4414673561433831,0.2061474300923266,0.5097164593235237,0.41133586929973626,0.950912850321509,0.6527740321337586,0.8696877304356954,0.9615854337227723,0.5887691817018441,0.3967832133553889
52,0.35811688745466247,0.03681418239806053,0.17870932559961175,0.13261731488712686,0.9723766263048276,0.871844934087846,0.938984160792124,0.9251897446239876,0.9085543096212833,0.40346989934116256
53,0.14371843808419926,0.7946626186971595,0.8278853854354925,0.5261408184434164,0.36145216531657576,0.07902213773479842,0.024315340487333338,0.013392860297992148,0.6211587242330496,0.21255960932073886
54,0.8453840790877966,0.6467180811703653,0.7318954660969393,0.39116154436976336,0.0762487087615352,0.313280809374928,0.6837149579913615,0.8278118930513716,0.3575537640961434,0.9492913861478804
55,0.8827933390247827,0.8568008837205917,0.16932142747508258,0.7143098105597052,0.7291313929374337,0.32858334297320874,0.5501914536256028,0.31487104353702267,0.5390813044085941,0.39417476080311403
56,0.27762825987423195,0.554924636107348,0.7877091338972881,0.8241853877504325,0.45365179888668455,0.39603779697119795,0.45407966389261545,0.9419143558346552,0.3079684386505429,0.9329120221538202
57,0.8059157729120103,0.32919542522906403,0.28538094887438964,0.21053254571369392,0.9166583901858115,0.674752763396442,0.21168345735754504,0.95699826158818,0.3011389704568337,0.5739308420883661
58,0.7852332199480107,0.030569014251179586,0.8194282142979279,0.7684239907070568,0.3398377790554302,0.7308452639369597,0.6004245262666603,0.2550509537431205,0.6369403749117912,0.5566700721057561
59,0.09660797233251944,0.21214925782593533,0.770237885443262,0.3619606938563576,0.6533213698040143,0.01243561380032733,0.19490668562559396,0.05637936847587638,0.49153039461902737,0.1628947442937654
60,0.24574259454765643,0.3762223695207485,0.9483165770081204,0.8896125101513134,0.18933888487585562,0.804078638853326,0.7334804098549403,0.5427624213788971,0.49536001710854954,0.22860791051060209
61,0.7155070716847846,0.2765976890994672,0.7807325354249004,0.22298373302655988,0.6599836162904318,0.05106516318967165,0.38877262074390423,0.24428759897118746,0.8210025420085778,0.5465683567500109
62,0.7289379239957854,0.08866209092639736,0.8653039008428353,0.11865731012453866,0.6764879706097807,0.844352233766784,0.030924820653960836,0.38441204994391176,0.5174197943660962,0.7898239118671638
63,0.5922496072720133,0.09076689193007645,0.5445780074404273,0.9886287171030473,0.16117653468303633,0.7119595084027138,0.31843601546726463,0.7568554806027293,0.3127264483978883,0.15568821867147276
64,0.8985353004875107,0.6762113469842385,0.9068216292246509,0.4062978566959486,0.19810869193150357,0.4663753949053479,0.09650786951630388,0.01806255553948661,0.16486773884841052,0.20518543340809903
65,0.03143199801961766,0.828976306757856,0.5213459639322179,0.21860658318213097,0.49265357303565593,0.7157005591969323,0.922759639485253,0.26855996713579877,0.4534725444419299,0.9096149136667266
66,0.9489024721018114,0.603644468853477,0.5791351544365927,0.8796846714269994,0.002671054185139358,0.05892801934451085,0.5013061474445776,0.47538736118598535,0.14363507650138205,0.18713875854611733
67,0.36746637167577617,0.43462445730631477,0.3443756280881429,0.7455761027104976,0.14262923981083603,0.3309769504484698,0.7046670962761293,0.5670259343170987,0.9256734402286254,0.7206646695163208
68,0.814971387853133,0.4673913994775051,0.5531549762535912,0.14619978985450474,0.12463390501593591,0.5186753671891253,0.20593678607338917,0.0476522188873158,0.9977342483925414,0.01515720675961157
69,0.028400546688381354,0.8147913897067731,0.5280389958297039,0.6392331321921518,0.6945905407190116,0.5321606982160939,0.400232121919708,0.747102962128618,0.27176442726221406,0.7133818556918038
70,0.34714438571523215,0.5562387774317924,0.5470535757232411,0.5159861081290625,0.8322476465977166,0.4340092797176448,0.727086368728826,0.5225453207644458,0.749170322337675,0.0669041707441976
71,0.9609151972878229,0.27432456153261103,0.6872752706918099,0.25633156433603366,0.09798491201908734,0.6186497687939413,0.9831385979466495,0.5772915074058145,0.03156669813393537,0.6722041238912212
72,0.5044648748250367,0.5709105680337762,0.24038070142889092,0.9144935357877908,0.7037524026895593,0.21413159405845042,0.6757542241753501,0.35044860638191083,0.2547786312285998,0.27333790293017685
73,0.20903752693475786,0.8226523364655534,0.680392047863572,0.8646491337917486,0.4041436044350422,0.9225648535925931,0.12237982652618597,0.636272493585029,0.5928115698072624,0.8442943162428024
74,0.7932319406409748,0.095089534408659,0.8612463892673113,0.7794182781423261,0.43095895410580504,0.8084453676800927,0.2910930175894432,0.764936392754025,0.8506436492299163,0.8041884483809737
75,0.017721247021711486,0.24669122200854576,0.6524606521587769,0.809173011162213,0.6393044074339572,0.4485773280353802,0.30473804121491144,0.5089172761644498,0.25934947491862376,0.7276760149274369
76,0.4532174503532866,0.9070658387564977,0.4985956056768383,0.2548304447573823,0.5233444491922166,0.021224096479351716,0.15872080919941395,0.7679772578328676,0.3362251280976605,0.25796659357977836
77,0.3005643793402527,0.6604096574702574,0.42344735180913723,0.551320181734557,0.6287344150856422,0.11930238314735853,0.9428105947934425,0.816987637854996,0.3403220455397448,0.409270492404837
78,0.24143818662336766,0.45762267747565216,0.08934145351190616,0.8351367097635013,0.5515211552577134,0.6243557066211811,0.7704712229068863,0.7044845291972388,0.21953670382650067,0.48834224502227797
79,0.3903102041989948,0.6098348775926045,0.715408963794599,0.5569419421065244,0.09466474180939871,0.8621570413728574,0.16770604638740863,0.68218007725566,0.6763139822946016,0.46160690451407965
80,0.495013862259664,0.46421665468183065,0.7509357229062362,0.6229445350654771,0.5260834623946979,0.8255411041310249,0.640040009060094,0.5036697907751804,0.3227353086448087,0.5252861036321825
81,0.515271308100203,0.26313563078563557,0.5552989527275785,0.27297054422360606,0.6081261695051234,0.9562169030236344,0.1376439408502949,0.532759007719099,0.11306940503160838,0.14283598034046205
82,0.2943009117679477,0.2546948142627362,0.4512300342765727,0.9071775002520954,0.146640546760209,0.7559883227392866,0.2288494691875447,0.3988311353587748,0.05361045683559228,0.8884803750442419
83,0.386196545410758,0.01812909206877436,0.09338405568560233,0.6668184921502701,0.049067147493149506,0.4094678992495691,0.04651433380903683,0.6162177733399925,0.6485181769853157,0.7718197941157402
84,0.9698296171605371,0.3879784050971022,0.8371102081857207,0.49873290736468495,0.11825892549047307,0.8819522521809456,0.37705051077791457,0.4142290463126688,0.9214670905689378,0.7695998536211157
85,0.7301513766292962,0.18898819020913193,0.9187322592866545,0.5989984972684465,0.5700425052023621,0.9935670253976729,0.5569735386275559,0.4400468292377817,0.9552496607211899,0.5147882508547155
86,0.2673940796558739,0.3719934766182187,0.07148802469219197,0.5233204534250708,0.11336045694934598,0.6049785799219569,0.23982381649386997,0.672249714157405,0.9346205644936433,0.7939875939421525
87,0.8883336404188978,0.029647643707519145,0.8348457008000605,0.9803653977529341,0.037823956852106544,0.258975577696799,0.5414577409932542,0.43495277329360804,0.8887749137617709,0.31019625180472277
88,0.42051154913537514,0.7868203737479744,0.18453398614315508,0.6084097457736809,0.2998603372492115,0.10390404497757753,0.464872829382085,0.07436918160516136,0.6718339272941479,0.05449778577871027
89,0.06922118462125997,0.7604859600848098,0.7233227378823465,0.06833501537735188,0.44956730264799966,0.6760203473902642,0.16161811379771693,0.13726433599819868,0.4769104357905778,0.5544980965379803
90,0.4336984696658498,0.8870817924206709,0.17023884030788533,0.4659143402896081,0.5567963682069476,0.26740590710588097,0.8599243391163119,0.25054641866227306,0.42466572952304715,0.06435459474551057
91,0.7215346413078078,0.7709392800952706,0.3960672466806619,0.27773797939850003,0.934114721111665,0.9448234889171004,0.43074310194907606,0.2951115126845907,0.5787793224760803,0.30066961836195466
92,0.8529873454151873,0.8634432812001238,0.002474228314408236,0.8149591590913927,0.3577864276539556,0.499002225157086,0.2864377140320991,0.48248714310152174,0.9856557368503396,0.8255167590455628
93,0.5884162053512496,0.8085980809715145,0.990304348081271,0.8974800122035208,0.1095174223683801,0.21977057434479025,0.3450478723791896,0.8021041818548611,0.39472753513403075,0.7624437227581443
94,0.40247947748504304,0.8028230607909331,0.3252435980074548,0.46025613984633085,0.269375161608631,0.14424139648949638,0.08296255697109758,0.7408298676441337,0.02188123702433323,0.5613508493605026
95,0.12211970808814064,0.288949715318021,0.7909111728560952,0.9299298950896895,0.9415075787105218,0.00402830192121858,0.10764454260083141,0.2051243339729396,0.8123048207124242,0.24471525589440546
96,0.04785610085074731,0.05169866447084039,0.039716466537990394,0.9437367313674939,0.9049083193103694,0.41729965874370106,0.9480926121041057,0.6924815499166934,0.533520815920786,0.031715964931230495
97,0.3241345692228928,0.9254667398804876,0.9201995927243907,0.44753503171381626,0.36767304937037587,0.06570191647082418,0.32855081101211164,0.8809844715979653,0.6835634619537955,0.23640017602738012
98,0.11332994329087084,0.9519869916437161,0.015370658768557716,0.6147283760730712,0.10096372686178622,0.23729077215458586,0.2781046618480534,0.6332486227143762,0.11965293988372296,0.48370810651274665
99,0.5968843148760238,0.2395120502029692,0.4116529632981637,0.7401887333043133,0.15509611948225904,0.8655537939128276,0.7859669457287007,0.06411023344401263,0.750149220231492,0.3539863839868541
100,0.23065475121416282,0.5856106316586098,0.35189045842030964,0.03739346633854371,0.9789978740683221,0.8524026581469812,0.7085469005234151,0.35937059645592284,0.10435904409929159,0.5159941451843916
101,0.8703879830999024,0.9492906560519134,0.3799336947967234,0.9686818364760026,0.4193278050437289,0.9090568673645982,0.12708336550292781,0.027888529385381826,0.2778538545243038,0.8239719367217129
102,0.08167705610398865,0.3435524489051107,0.2680042656071297,0.4276829297980966,0.8254778776286398,0.7787682214973607,0.7664066698676522,0.8884531563818332,0.6605278684342981,0.36302960253499317
103,0.33747419131481804,0.6506139236522023,0.26163619550688966,0.2845282057942669,0.6143158207102084,0.06004633782895809,0.5498544736401196,0.9784956403836814,0.5452055281582086,0.4599244698118767
104,0.41419301059716607,0.5939331785562425,0.21956804614756933,0.2676401931890976,0.6470378103647941,0.36840839225903316,0.2844567516963383,0.37594521961197025,0.8609776430920135,0.027189500492032333
105,0.2843112894607873,0.9922904434483781,0.64185238030148,0.45285853834901735,0.9106806830620655,0.30304977300289404,0.11744556463810968,0.5394292831936188,0.7171822460022388,0.3861677597809915
106,0.4813437083904437,0.5837150958252275,0.9600406688896357,0.5314003292651415,0.3928812378927001,0.7979254573713928,0.18610337322125556,0.9491215882711828,0.03680186293690052,0.10640580260477575
107,0.7674182998994432,0.020634007961040025,0.19765682010020913,0.632675536257236,0.7585766018508743,0.22040314183458776,0.21841865099635208,0.3365236436368496,0.09295323531620933,0.4203228793414091
108,0.7002602031653357,0.6148498238354204,0.14502733196935783,0.7619753195224139,0.8996307326312913,0.2475148459059287,0.8297526403012396,0.6622555309206756,0.6590727275542818,0.453160298306576
109,0.32847649941726886,0.1669889399236018,0.10088819009347835,0.7853173168682906,0.4733557095845199,0.6671515502772614,0.799970504152083,0.9531391823456928,0.8251964808836711,0.46940580724575504
110,0.16565086112190427,0.796737474015973,0.4085305313552994,0.33110919526864024,0.5385535931577847,0.24052592470857642,0.47958620421474957,0.32440503472432475,0.8712499390957431,0.04775410848717817
111,0.1592626833016895,0.9324328297717027,0.6785151543817243,0.15725342358267053,0.7662814303828298,0.8557158032023449,0.9347049991628186,0.8770382261113769,0.835081670840459,0.4377010128518641
112,0.08615216771601703,0.9845136966896539,0.6156324606117656,0.9020897358315274,0.4405586840694955,0.5210644104427833,0.27065380112839654,0.9747135205945774,0.7214223794614714,0.5340150954598923
113,0.4386709482894584,0.3983760856023391,0.9020434267427185,0.1068606954167948,0.6303427872711255,0.5599364080420745,0.8390328075998897,0.4531899874174867,0.04090996579980169,0.6772504563020921
114,0.07244004699006683,0.6911990705156883,0.13672470381011662,0.8585507209392137,0.819564417896629,0.2076884662219165,0.4855991680123691,0.5170092947131192,0.07973355467833637,0.6327996147608043
115,0.13807693958116585,0.6870878752839051,0.22206436634949597,0.8902433398632478,0.3083095307339468,0.5779595225194426,0.08693243044511653,0.8455680468947543,0.17646928025622988,0.9526455728060634
116,0.8759271697587238,0.8825734695441735,0.995182385510961,0.16858750276089624,0.13436304051188774,0.250848000519581,0.8485135049291631,0.8057630187047878,0.8169529758613779,0.2674552034381779
117,0.374564841072034,0.9360684224878384,0.8846703780892979,0.3151742442913152,0.90561512702984,0.47348515703775335,0.989360669165437,0.6205716277469433,0.01760074716914028,0.7043756311090301
118,0.9425073890824683,0.0687659036196236,0.622960823025946,0.47679879475145226,0.8104231760911582,0.8959953508449808,0.9541949555077128,0.0026133213545623977,0.767540359997898,0.8950525861259129
119,0.04456551078943494,0.9624461617705298,0.42542818453235776,0.34800575377167087,0.9386914108008692,0.3872203326132905,0.05339955806206889,0.8903646043360629,0.36457600615568936,0.25396646061670614
120,0.614580645141268,0.5614405539967724,0.07853429069389392,0.1954991549302029,0.29053184286749956,0.3453180667281987,0.5787193574683657,0.46999671620822076,0.4130619729120923,0.6251871847921406
121,0.47118129037280804,0.2247017005999284,0.2364871387947374,0.40041468233602834,0.5651614001688688,0.9364200567192718,0.02568502285562075,0.42579148948550033,0.09820831106165931,0.2645047806704033
122,0.8163626791637303,0.8343154334106722,0.6030790061099914,0.5750213202126376,0.39720107237435615,0.09239129981721302,0.9902606002639024,0.16357979955408716,0.07000284537280033,0.2204401009555546
123,0.5481804799541758,0.4883638009268036,0.48436718317010163,0.1354217994258941,0.7940709503829676,0.5099551067032678,0.915549617073545,0.03200942434368556,0.7416407567339895,0.1113342942394074
124,0.9097866919752607,0.42454072500934686,0.05750081547476937,0.48974869524317455,0.7524783920180432,0.2963183065921652,0.3317129542563807,0.931916761727969,0.2047679714245109,0.8838167255912611
125,0.3405125265310223,0.3043838974940277,0.7573338814603788,0.14474975794132205,0.24030398694462637,0.7441421827106184,0.7429498904844207,0.627266094294153,0.4614067414953433,0.9603127381656763
126,0.6463181836257721,0.5432631581452826,0.38462330194672384,0.32146297446650157,0.03013744840310576,0.0749149197649423,0.5361266020098188,0.7191192904602322,0.08270023166503146,0.2923868166242755
127,0.31692786885004837,0.41505231587983304,0.10656298945368115,0.7280380629041862,0.9814248960341316,0.7676663435629086,0.037934400053232016,0.3681717339172522,0.857532969526837,0.8485940892052578
128,0.8037894982887539,0.41425766672132425,0.7677988768945881,0.5035336934384377,0.025815292402679307,0.9707605292282114,0.35828061664230054,0.5969042895758926,0.17048854584087245,0.6882041903644829
129,0.46722642135318915,0.32278220690602205,0.8417486738603185,0.9352011456331407,0.47930688156309453,0.12017307335277133,0.6966713324203075,0.7110206474419067,0.2618243909462948,0.6906484150206943
130,0.6633688063178189,0.22645976174647175,0.7986794348419042,0.7224567138236171,0.22159254768831102,0.4039943785400545,0.019694202919836902,0.9360452594399346,0.10595526853332926,0.7316716756993761
131,0.6083928419204476,0.5267091349721714,0.30458059807705046,0.10168745185682088,0.9621190072493648,0.3769139783815896,0.8327650786677568,0.588874208405056,0.7763706140466805,0.7476793484632978
132,0.036273100351548716,0.058179099538380914,0.6745610536992942,0.09228771202250581,0.126886193203128,0.43539111445165946,0.31056122627731975,0.2947142542328165,0.2311407980636463,0.9936931859988641
133,0.2215140081073676,0.24310259015829325,0.2733896082239366,0.8525585813559826,0.8073473442085947,0.2615275837811089,0.876810582756287,0.12660872248313737,0.0880796158721659,0.21661329811193045
134,0.6932730633715041,0.8969623337632322,0.18770233516461896,0.027186007179112192,0.6649123090707846,0.1475060678878081,0.5639001602751202,0.9030709373274394,0.5046311461759421,0.42671549447820545
135,0.8405323918119617,0.12822701400421288,0.849474661065032,0.44189866102846076,0.5343648177575558,0.5905418933843493,0.7843877159183696,0.47319064758107365,0.19752670105139652,0.1194106359697106
136,0.7584062620564295,0.3486236046604273,0.5364334979579389,0.815068633058878,0.6181858131749466,0.6860464026001614,0.96929829490294,0.667100431231905,0.9628364337510782,0.31855908123277643
137,0.9558914484636826,0.3362678912079828,0.23433001533036393,0.8735379640514438,0.05590247559233464,0.5500378419423851,0.30694217545887587,0.9956415061021114,0.780078892377547,0.6012972726815035
138,0.33177633899619813,0.47389380455574454,0.02814787689054432,0.9968822266874392,0.005367993438804491,0.20349076433459654,0.268023954676134,0.9698888155773612,0.6665163651083371,0.09278214883825613
139,0.6710113406519669,0.3638317250936391,0.191701769346533,0.5366345368763088,0.06767837933122102,0.8140569712543332,0.507985504494044,0.05127478545802044,0.9940540719500581,0.44454979493913876
140,0.9776860878184293,0.5238273931693999,0.6909972445723014,0.07591376983490838,0.8502735980482683,0.18080118816019103,0.971762780828748,0.15906474034238952,0.915884967587288,0.6463595281380357
141,0.6762656670701953,0.17651283136631662,0.695849884008529,0.3985107828065301,0.2716377465593838,0.10741350448307234,0.25831078090743953,0.8133658029730775,0.32922266024300506,0.1775423233567347
142,0.06315641250950922,0.10789241839782995,0.7607416604477186,0.9565924396337351,0.3015987585364463,0.4400797697638662,0.6139108732652402,0.40746052285640105,0.2295374065887873,0.6130360438139043
143,0.39524824217423427,0.504570398493914,0.5712113861078646,0.3006728292166657,0.04245526907766843,0.7060119465648601,0.8427947717793478,0.6032332281831502,0.007471345882624408,0.9440262835696933
144,0.35346256835102996,0.4034731189963003,0.045057956485192244,0.8283241845255397,0.34385565692629283,0.6103011644108768,0.9593070883578708,0.8601709937338962,0.8307334431006675,0.5017647071408737
145,0.9978609604367898,0.494013798491999,0.9694689842808935,0.6644816232358867,0.733254290423935,0.7729642580915309,0.630381449167452,0.5523188629542106,0.4250468460684249,0.16639555920960172
146,0.44926852716312893,0.8722321634030592,0.21420314737954882,0.20480398710505646,0.7952810641576243,0.31831072994521353,0.8090520699744843,0.7094910417592147,0.7567392963371998,0.12269425481639969
147,0.054941620320925796,0.406424093331382,0.12371660355864256,0.736097210047945,0.4625569711361556,0.5973220949412041,0.7377140104689107,0.8516200904440566,0.5600497741344095,0.281010636857702
148,0.3096544907097002,0.12252598892846614,0.7288285618806039,0.9244880052758294,0.5140241223032381,0.6587594283632632,0.06520136013809219,0.21127567651271356,0.1657351538205033,0.2765058882487287
149,0.45842172937207154,0.13804447253129243,0.5327965925301944,0.6535329629328249,0.20789278731198174,0.2761440659640328,0.09462148286689147,0.8686171258962814,0.4676048698819379,0.07161887640536882
150,0.7417703579185391,0.3813750721592107,0.5844736894827188,0.35909623554311837,0.9984550987669132,0.13859156147369675,0.7512220450387253,0.6950334110181546,0.056584426793187245,0.7198347677315272
151,0.4635120280899986,0.7209848637515602,0.4553782996161222,0.3520254389471868,0.42825588728253683,0.6082244083577943,0.4968328035075935,0.7256790468569849,0.9482958431724952,0.594046509554739
152,0.8599860474736389,0.13431264576268268,0.30574406065906506,0.3768770766481223,0.48004681352218503,0.42965269104583553,0.7181699182913164,0.24602145389987343,0.2466939681762104,0.8196666463656395
153,0.56799280000284,0.7318118369413777,0.1515612280586455,0.4377415438712216,0.779059162076912,0.4751703635639691,0.8926674956286413,0.8214132826354127,0.7273258632949461,0.7595965342022614
154,0.4938165349839613,0.9446848732097386,0.4940461118441506,0.7989990661611092,0.4079256977414532,0.28339151230464643,0.4281872341451958,0.5459155641558613,0.5098932003004406,0.2344830226977418
155,0.055960984938279015,0.20233017452385724,0.5878055528056836,0.3736634136283709,0.7822883990574353,0.6938921827533336,0.6657081964391591,0.770879801522884,0.8833907455850307,0.05987750130373368
156,0.19056166122534834,0.703506641022636,0.2817156219447663,0.9757092223744342,0.37600819046260825,0.38068749485581077,0.5725543277317126,0.46078853565179934,0.37769421970118644,0.9136809113832004
157,0.9175951673746872,0.8183230296340929,0.08116426589824584,0.43084145575210203,0.2892941634517014,0.11417786599423044,0.04308169344832673,0.9226835681396554,0.265218392491152,0.37029153950206434
158,0.4151647971206778,0.15135122283802502,0.6316138642175985,0.07364804423893714,0.5631367269331157,0.6649865834670295,0.5158352238388878,0.5736195746338888,0.1296035945634071,0.85342204428232
159,0.6383841500670543,0.6163800718209348,0.8899714666302176,0.05384993248121259,0.8605176536353674,0.5857256194028442,0.3818548434657675,0.2722052505305246,0.06388691234574442,0.6156245126038538
160,0.641196392583976,0.9574353367094673,0.1591949085054792,0.3289208039692525,0.7631035323794333,0.9133443768771515,0.42469471974112516,0.5279681181724046,0.7877564136230144,0.7835646007872156
161,0.5130784855242123,0.008338111482718156,0.433115821776757,0.6769048451351055,0.22751334652451402,0.6490120528129344,0.26102370171907263,0.7224340674935502,0.877708176196919,0.4164332863639338
162,0.1962393102301498,0.7357547024993204,0.290943766789456,0.9516549238501247,0.7463943532810623,0.37421436565127303,0.4565037340046178,0.3887277109195043,0.8987108212400164,0.9243993411939729
163,0.18301545486855864,0.7599006115974237,0.06671510232220942,0.7512594866316102,0.7061222522637468,0.6293556900586301,0.14679456689617684,0.5558085338152875,0.6148201518010127,0.8640331563705211
164,0.6986611209786585,0.7476900771079236,0.3591391740711965,0.3373056405339608,0.8032802412857031,0.9167244476984486,0.23234337722184256,0.9115685102367209,0.5437682947530442,0.3214646558433867
165,0.021326817770765494,0.531390162434677,0.5146577496041377,0.005269248325963234,0.9271156807469241,0.5736384046138605,0.8628293173429956,0.7524119922324808,0.4324111516572626,0.07876020764306418
166,0.6886751785557813,0.7531820603512008,0.34609537589896605,0.6928127797498661,0.3198068434505549,0.48773895072353896,0.24899318698875475,0.30993793800503416,0.8051148498186644,0.49853139760482007
167,0.1773125173951338,0.1932090011568867,0.5047329663433596,0.5054955802509958,0.07032171289289574,0.36406783641566515,0.607910015216152,0.19313179626514693,0.13916391503795458,0.5216916968255232
168,0.826090019694238,0.536201509912021,0.7416237402210212,0.6749125479544502,0.16885201293427982,0.12742699433692384,0.5914857970260382,0.17306788186507693,0.41775366595166497,0.145796404284706
169,0.7998822651209114,0.8936570553354799,0.313550324208543,0.11003608689195583,0.15386231945021872,0.17976443418590649,0.6479176789682044,0.1517523556807589,0.4092329132380048,0.1258015259021765
170,0.37901771850651467,0.3564786036617861,0.8141909599667261,0.5605913741729701,0.6439933977886405,0.5263432055630248,0.05580652981872197,0.7937252679296559,0.3545358697241032,0.3570692936990661
171,0.2725048948867402,0.9126034016899898,0.38609332799300344,0.6176844517633808,0.2125148429719494,0.8375636787254359,0.6627270593574208,0.8579713601595129,0.9541954787975423,0.01352344736325578
172,0.5386755421688942,0.15875909832429408,0.3910858763113418,0.7594298107059219,0.4239728982868441,0.7273679314476853,0.6584372926902562,0.17879918604358153,0.5581330848883965,0.49248989367292695
173,0.9016283244618752,0.3501388895002976,0.12573680593928668,0.6878500379973269,0.8877418148020562,0.42292143336186827,0.6738053315045626,0.09024117283798323,0.714656701319206,0.7539752635270031
174,0.21169009434560318,0.7820521878929008,0.9286067636239804,0.6003152269005411,0.2029527253053849,0.027018732080611837,0.5845448682779509,0.09554555577585284,0.7094849820694111,0.15302976626488662
175,0.9255721288783444,0.9652750299503846,0.6454801217569113,0.8408620342869856,0.9488334960979966,0.7848407298079775,0.15274095227038825,0.31968410207157477,0.29519732888058714,0.8149590627836636
176,0.9383725970188955,0.5089835384916533,0.749931545359381,0.5125046096998485,0.4996197509749708,0.7905003042202499,0.39156186038705587,0.08814999634264548,0.18579217962882694,0.021015711818589914
177,0.9933677945368435,0.6657638591606974,0.27535301100238313,0.4219005413177282,0.7382410850269759,0.7004970697588206,0.24028566773313426,0.14326358044073578,0.7645685403877113,0.47066094942949555
178,0.8316760331321801,0.17384001087875645,0.6271653639330791,0.6434590316544034,0.7704040581149563,0.8182894264195304,0.8240187099389717,0.5147839541306581,0.6032874145612369,0.5800527633070809
179,0.7389083012633648,0.6277097434611544,0.11013946689840193,0.41996642911899185,0.958524684205325,0.5108940795688887,0.979521341555956,0.9153585193668341,0.12082721281562868,0.30928474170833803
180,0.7720382703226469,0.3122225087445266,0.041531532401916864,0.543465798263955,0.5930792269465058,0.5437959948402546,0.2035405025258901,0.834121356288209,0.6304779849678135,0.0005628792643616292
181,0.22819991702582787,0.8665339101868672,0.5975486224473259,0.12359608636698984,0.6032519789350785,0.6401742215517571,0.1132926926969694,0.9821066678114385,0.3302744875559415,0.18351203064607982
182,0.7609552998372611,0.48442959605245195,0.6113333474098923,0.29096656145894323,0.17081278096037625,0.08012473493231827,0.29644530630600957,0.9851139446381743,0.7936082333263572,0.9773921956146946
183,0.14892962906377807,0.7445823563526343,0.47280531822761196,0.09640159814426587,0.8411077656781591,0.8799150577014988,0.5852889046238728,0.2387638327067339,0.21353899891889763,0.5408379400705337
184,0.9855289257147803,0.7163178156680468,0.5183359169566698,0.9326857875763315,0.020826974593833557,0.17321345728505042,0.5959734699686404,0.34608995271679016,0.5526566427443048,0.43051722476165993
185,0.5780774012300607,0.28125042339988665,0.8018012558822758,0.3883437466694215,0.6823410802438644,0.15696980061472665,0.9273158703795563,0.30444640462071865,0.910042747044463,0.47516697704180266
186,0.7148126276023653,0.9702786009779519,0.9523425557701343,0.6993714774782738,0.8808971547104217,0.5478351745579162,0.7564340466720211,0.9058638834091731,0.572309801808412,0.969751673534792
187,0.9708876459359529,0.8465298083764168,0.4354492927744442,0.9936493145452014,0.5960741433484386,0.8306344118605666,0.9132247444913772,0.42294905995214244,0.5233300626571118,0.7999713622609993
188,0.8638422130286301,0.7083423182793289,0.4894579809759979,0.24617221876925316,0.177865236915404,0.8221589285707495,0.8035769669180576,0.7981982584685486,0.7962330797545206,0.5376509101530802
189,0.5720173898924683,0.4378865974247929,0.2972148256341465,0.3055132085824502,0.6886629914515663,0.08740469017970323,0.4115638694620323,0.28456605255524847,0.13018996206779396,0.7425062112997048
190,0.008773313898500022,0.7111978460867675,0.9359220954794147,0.031846901357570394,0.2804191861344259,0.8495554465329748,0.33736200755597495,0.491285549575626,0.2404159093327078,0.9817927660901304
191,0.42698844080299436,0.4480588599350652,0.9771419498424133,0.29722601551421746,0.7854748750579023,0.720864493967976,0.8713140225477574,0.48538107577364187,0.4896691873845727,0.036151911964232196
192,0.31268191673990026,0.441240976012215,0.7385191124762157,0.7726633086069589,0.7158770463876616,0.6848240989571382,0.0635443672693156,0.4575576910257107,0.4407424891834647,0.3336498340268965
193,0.5558846279781487,0.623777277783913,0.7084842452673225,0.7072309095439536,0.43673047398432907,0.33559965003096176,0.5206026646502885,0.06874919124918898,0.04627198916473039,0.6368250348934763
194,0.1330692823354583,0.6561197906726052,0.8955124031388512,0.08760402713297015,0.8354194732751821,0.9793618962201575,0.13416904656136927,0.11617899458274622,0.28347224156968076,0.2970731707490671
195,0.5225146444660802,0.2942710728023472,0.2012288316989733,0.6262928372956007,0.46927398289005395,0.22870114179173825,0.4659970765629382,0.6754388455401963,0.6156495493861796,0.0074906903310444604
196,0.683163022789609,0.2577737404468616,0.25911805752681283,0.4725200557762693,0.5888455623222033,0.41419025179166175,0.4430968856918838,0.2646803230830118,0.3726482293058789,0.6565193168261888
197,0.6217429674407422,0.6951237063166811,0.4005710271659864,0.2618312412541022,0.3705118867380291,0.8877777665506685,0.17100562938090977,0.8435776021713796,0.8023664858109076,0.8301006601536965
198,0.9320060015308047,0.04246604350772067,0.3610634620401246,0.9484382135230571,0.4858447798945225,0.5699072712743741,0.5688087182994432,0.03911376395625085,0.14871324780495068,0.6052723425441259
199,0.8398805248124285,0.2335062745893173,0.6621280461902147,0.8014845526790303,0.7111310804177604,0.9330835684211456,0.7488991307871932,0.4957382371167156,0.5843895391474421,0.8746748905492122
