,sigma_C1,sigma_C2,sigma_H1,sigma_H2,sigma_H3,sigma_H4,sigma_O1,sigma_O2,epsilon_C1,epsilon_C2,epsilon_H1,epsilon_H2,epsilon_H3,epsilon_H4,epsilon_O1,epsilon_O2
3167,0.4210938378712812,0.41778028703604836,0.2753422232795853,0.7593433434529632,0.11255185550051162,0.00593522386459825,0.35480752550965405,0.9691295174954137,0.680150397274004,0.6466920184581713,0.9873819960518943,0.6304862778881027,0.25457893215870225,0.24725425574923454,0.1571784585628788,0.6339653028038751
2194,0.33179764853463695,0.6302584354173553,0.48881052078481185,0.41378418661738703,0.5154927911387674,0.9955145724379589,0.3377994898445966,0.8536413740843368,0.8294116985568517,0.9774137228599419,0.16553012533125194,0.7329265164983406,0.07176506921190387,0.04278791741624084,0.9737539328468116,0.1968970307620489
1063,0.5622478892507963,0.9980506929698587,0.18010075806746276,0.6351983897115627,0.2583719201550865,0.22267410703185408,0.5678782650160488,0.8354089218380849,0.945832826684968,0.7436182088659608,0.9420805765793387,0.11207479158402016,0.03201244328980299,0.035594777995832126,0.8965922504170171,0.7792430489441992
1098,0.043982023259517826,0.7239713394519417,0.08833829409767524,0.014646047746329152,0.9039002327434107,0.5504904709210136,0.5833743199021912,0.721226981737846,0.9969204195307368,0.024451863054200766,0.7039943151470202,0.19161133106918055,0.6029570742940784,0.19549510950597926,0.18811655147275444,0.27967732303734966
1563,0.7436410058932095,0.5727347550394649,0.016800158645050224,0.6889998524491799,0.03090558291279617,0.011170200159346298,0.5545143912818614,0.7602837529051022,0.566578631966911,0.07505898184733631,0.8209334677143513,0.2515633695126264,0.4120273785701052,0.34960240473968657,0.09615034305390734,0.32607123201345606
1958,0.14713842153386697,0.48490022792489307,0.05893997232231695,0.5726369160080366,0.3727078463284045,0.07850102940714006,0.6900022513853271,0.4001236175766684,0.9821397114178556,0.25249688652988234,0.7766558051433792,0.8269403046083335,0.9484029951864384,0.23925283646591997,0.6332839451471428,0.21493092927805774
1032,0.1004767320020753,0.7087814400969329,0.43491123137737275,0.222194851007631,0.056881666061148285,0.005768099272970302,0.45465716227875247,0.7474099447916724,0.7368019451389306,0.36164094524736873,0.17887103659290562,0.6882177716750053,0.05702753989914832,0.9312466568270739,0.5969133454462872,0.9501912635970045
3154,0.24272224844453452,0.8988422257373913,0.3184134252539355,0.9190725794478003,0.20630499534919394,0.13330162187919656,0.618001617374897,0.5749058099749758,0.7841194032145465,0.9994222993135088,0.6884239362438827,0.8165077789657197,0.6982171694416601,0.4304695890826344,0.29495185124294554,0.7205555308163971
3487,0.18275318124509565,0.21143371448766277,0.0052948433181683775,0.17702960728548348,0.7615840633646965,0.31343495551486716,0.41514425519837944,0.9181907209871033,0.40149194226676144,0.10158987649818361,0.9042875942260595,0.5923541381643077,0.3905194241316967,0.5226051821181141,0.11122702640606333,0.06887894181366887
990,0.5373116660384358,0.6922237591814112,0.6822229961317112,0.02353774228956371,0.45068971904975097,0.28259506480859187,0.3234668832111883,0.570590046287616,0.020311423319700095,0.22786867541811653,0.5393498308181555,0.7930615963011971,0.27809630521561984,0.29388157173566964,0.1924977904097391,0.08603846027000882
2404,0.38276189824667844,0.8677646780803722,0.24284640032665464,0.2652824156447461,0.49303008938766335,0.6203854426210197,0.6291839105281319,0.4161402648384736,0.808250199814017,0.11187216988773364,0.9516781306999484,0.744202954894952,0.014708782444694255,0.45159958530792854,0.4151364797185225,0.7826051326101688
638,0.09149804939587486,0.8888057390318552,0.024439818672497143,0.778027358938086,0.13519425451369027,0.7222735372110864,0.3747220285495509,0.9453756350090711,0.3505972080559076,0.05050652007008736,0.5622077864639028,0.9605748796456156,0.14632721073052518,0.12979195342241595,0.36655210575619634,0.5983556967939117
911,0.6597769332069431,0.04568223928614775,0.08087697565408421,0.25962296739559343,0.7074627573696659,0.14259948847700143,0.26956633166879135,0.9828211772099988,0.8836947364182749,0.09080390214498578,0.4070159737303345,0.4745005374519411,0.24006870417602827,0.6226297981131196,0.9936374258459554,0.8105013010433146
2564,0.1216549487069029,0.020252902450620985,0.09657195139471793,0.7917801684323014,0.6491832380285659,0.14020626232332645,0.489720440948865,0.926145080529123,0.6475449954484325,0.013676528154406788,0.06973106294484444,0.1207347266049984,0.055754810983249456,0.16790510459833177,0.6986342137079862,0.2594533299424122
3249,0.10114146291180266,0.6355758087954939,0.2849492667906815,0.10507211580691685,0.21245455514351505,0.3392943094461256,0.6972350203807721,0.32527683027939475,0.3767648643492156,0.028903805358413224,0.7099175925414781,0.8449109905361043,0.19641047222133726,0.4973549044466717,0.8002540359787667,0.004703650191561926
2849,0.9321265933754098,0.11969420549399011,0.21482077187719895,0.01519032210887572,0.10745633962741835,0.2981402155438767,0.2870621528838211,0.7068255829590844,0.2894881167419785,0.2775705353011783,0.8335909270606854,0.7421138568247038,0.46986575371310474,0.27637382862243365,0.5821085243457814,0.033957583417513953
3125,0.5922398221813786,0.2681195301979269,0.0365690005496909,0.006544482726768104,0.02211480336530319,0.7249679999137126,0.7125071864393847,0.6198054017413906,0.6035972090902026,0.9037648426436896,0.6461260009141282,0.8170463371628095,0.028895379661532494,0.03644112503363294,0.001860918564710858,0.21004459296640837
2102,0.16409966481436564,0.49231051062288333,0.06219326008102612,0.41512083707097425,0.6598481752512957,0.7100704761108027,0.46157028995723104,0.8377554259525907,0.8741300777144457,0.5356522998340318,0.5040277147261462,0.4827803506365086,0.8763228734329394,0.10172442715010396,0.5250152935114348,0.24736946326558104
1988,0.4901286054794477,0.14558923851993194,0.5103009158517121,0.39520862964153286,0.11395657663063441,0.5229423599218869,0.6564121998261673,0.5182703684436046,0.3695514319738828,0.996930207919546,0.1804830531391754,0.006767810000978203,0.12394485032894384,0.024576837094810945,0.9920216579572031,0.04097205408472268
1829,0.8646421010570646,0.5881559623653189,0.3412528853185996,0.05857481860737476,0.6935534508782251,0.38035490376940095,0.13351097388785796,0.9930013731183088,0.7180073688839247,0.002583037028562717,0.9852214183920088,0.6947518706835426,0.42712546588637507,0.15485767391356703,0.9790361635833135,0.12882789032684364
822,0.5875540031576036,0.7862077932827383,0.0057488429690433045,0.12139642428276233,0.7777936941440451,0.3326067076359131,0.6362035829702397,0.5663649867567438,0.7776326873235038,0.7793507617874783,0.4098735118302918,0.9969926369281971,0.04649896933601705,0.6741726620782078,0.003921027008910166,0.3448665818096201
2391,0.6062717209205261,0.6964448885105444,0.07776418603374076,0.5903391980317673,0.7154468619735918,0.23783208507634926,0.2278149468222986,0.9972420165837885,0.4084285445360523,0.0033627642973949544,0.0394072273189091,0.9325645486007337,0.15112522603592674,0.018973242668263272,0.4427886772774096,0.050153745577750194
1672,0.05300900225524508,0.6305894428798815,0.01305400321762326,0.6895019556784893,0.008455543493829345,0.11817828254537158,0.6976042417267914,0.7066377907225342,0.6489000649174745,0.9755176595073591,0.18811585749872753,0.11306064919893577,0.47394010028400385,0.09939652088603289,0.24857181369390483,0.9068155398664887
2917,0.045782047756326646,0.46021474590154887,0.317649666897781,0.9948885161909953,0.44561310705573637,0.5793055368866854,0.5424486048017514,0.5760991889780029,0.7308183679030884,0.16735935912463118,0.7355805026714133,0.8995018793011226,0.6728357847888566,0.030435728925569436,0.47508177485229597,0.8515105451670177
3637,0.019958679986141495,0.12324141993812367,0.014428635011282666,0.5333944403127239,0.28197383330387227,0.8173016466925589,0.6307813177414079,0.6816193824373429,0.7957219837341284,0.7410396238330341,0.06560763842639727,0.7528650733291252,0.3699871171578775,0.16103075508904455,0.8188803290590826,0.015982075578973784
334,0.4361606399513124,0.5972469766060621,0.07155706342414045,0.4585297868129835,0.17504476561515003,0.5903018412972999,0.3395407120667527,0.9608110819470774,0.1795584464896788,0.4089619159065179,0.27252181560251215,0.6217048638763852,0.15295885054264788,0.7613939482630365,0.7282301953699631,0.010640608389562475
803,0.3344556306624499,0.9453618024516752,0.26004022218743533,0.02202858993097092,0.18254707084531413,0.4006803375954692,0.4814826611955692,0.6884701386665627,0.11923745412599714,0.08644494651679038,0.22324389676776493,0.9241766186134336,0.654839059820582,0.6453142275241848,0.9835254028735754,0.42138004594482814
186,0.22772154463462796,0.5898306951829554,0.43112731536951676,0.8265110554621055,0.40202937021353424,0.11891808574406912,0.24135622233976162,0.9928292562288015,0.07020052783798933,0.7990818858062981,0.28740328359546197,0.9799224066016577,0.04248000777328797,0.32020500745734887,0.6701010312445401,0.12056336913482307
2309,0.4177604991726447,0.5916762976582441,0.666094829735287,0.8088619385845841,0.4188008659335644,0.3016919946468047,0.4478935785965222,0.5949871192757341,0.6946904390413337,0.8575585045984697,0.09002970234127365,0.5366998658794804,0.29393196514965264,0.3904963733257291,0.22055670249008993,0.8213224128639104
2905,0.31268069715375874,0.9624886711329221,0.49825158960664123,0.07339781136989379,0.08820834417822451,0.001977550203433262,0.45640027642640385,0.8282861325874076,0.06716500812536452,0.5085428933247479,0.1982855036257466,0.9061677801748236,0.2914765432480654,0.16250766072481546,0.37850670544948606,0.7704114246106134
2312,0.2290300143742687,0.7055686900974907,0.19952555031637959,0.9195619703711501,0.5401697420265802,0.7498720694844906,0.4803964212273197,0.8042620507338423,0.84306733394137,0.5509804992091741,0.3823769807030048,0.6347318750738739,0.1387434825457984,0.2947614788610323,0.020649679454399123,0.9984800754471059
2486,0.8101374193075097,0.44180462836624834,0.20089571834863473,0.08059047782617676,0.02662229705518779,0.1254123494975765,0.5671359698888985,0.7142548840351775,0.767862235528733,0.254194944307971,0.7490908072993971,0.5450249613350002,0.602941257288276,0.0820306186489038,0.19292617084377964,0.9414625929621433
545,0.4292596405776016,0.34088130280825396,0.17094018533636804,0.0027392298580940885,0.8410458642183224,0.6741747352158072,0.383389980302184,0.9409912619525241,0.7681415554506033,0.6588767718821928,0.2653026618748164,0.24030447290687876,0.3212527150076798,0.33762832269559734,0.6954172017509438,0.3738355515057256
3099,0.13657145294705406,0.5376635898581733,0.03301643459460531,0.004573351996573813,0.1980892300554713,0.18673108108625008,0.44332082228736036,0.9767841924278698,0.7596775832605523,0.7392380711013511,0.981100998091167,0.9809045487571602,0.4612812110389111,0.8199079551832154,0.326707314060958,0.12195185576010455
3088,0.6202491827548973,0.5462071666082065,0.6346175794341641,0.1603648984135665,0.1558115739383053,0.10760142178145475,0.3463497003760354,0.8270569308853171,0.5925377447424853,0.061150141075770235,0.0913760891805156,0.1299488767740951,0.021748067763066613,0.34464250930634627,0.5360664552973478,0.09742530170020956
2091,0.41659514766936284,0.13593690514299453,0.04717905620571187,0.8917566931660618,0.6728170387726602,0.5033282409830491,0.5079553181215978,0.7875153206975164,0.9960771047146683,0.3143432557229526,0.4328855857488691,0.425290862508685,0.04965312109896864,0.6593727202050029,0.4216244142462441,0.4220514106422976
255,0.01730873010610559,0.2629235589757503,0.5896022385723786,0.33688380289823794,0.7302822112580202,0.18569474831327745,0.35389833218125444,0.7524426604659985,0.016532008805692878,0.9909230442787674,0.0022948332332071173,0.5543131971368455,0.28290889237933625,0.07006529650848249,0.6271307129618036,0.9342459435010211
1951,0.1757423342251113,0.08418291190230066,0.21387612382080118,0.5004159876136972,0.6676745117217772,0.5982791328742715,0.5711420338679404,0.7270905518336003,0.04638682878440591,0.8715093054612972,0.018808709224911152,0.05744387168162558,0.064950375631609,0.36604422084220894,0.851804091237287,0.316588534252386
1173,0.03308480132110619,0.18348507322181581,0.00972876415089423,0.031082251422187415,0.8869152041562539,0.7470091351405893,0.4808117738709148,0.9500907901387906,0.9782722619221906,0.27207019397350213,0.8756510746615322,0.6271597342292636,0.588862427862813,0.43826228574081477,0.5781415766016783,0.8475147276012645
1722,0.7332925464725688,0.4579043891450975,0.06645384257225757,0.3455710166700443,0.029944956549038716,0.3510040497595186,0.36367948619227514,0.7731461439917083,0.06305435475307539,0.9969734136577781,0.3978106963294809,0.9349395871329335,0.956696838401867,0.1964203842737111,0.36589824365694607,0.7097306798794125
330,0.06873794954566091,0.35440830646663957,0.28864379360305925,0.23208723669786802,0.9742509871570401,0.1351889002775034,0.6515230020168769,0.4940119459366877,0.8731403042480581,0.28725609613233705,0.8700070291564571,0.4991932981486228,0.18569705871966224,0.19732084548719164,0.9315634605547095,0.1235069905683124
1498,0.5005523730992313,0.7878925604142001,0.5405730329622573,0.5877348961013737,0.0023798618077257193,0.20112599733206893,0.24666781049127112,0.9415488480591715,0.7663834331092485,0.7058455936761378,0.06709571366734308,0.19394139430729573,0.37841426741833617,0.03665025714294573,0.6775017478552829,0.2535778314328898
3584,0.4065158613882589,0.5131263006093577,0.012486375710139518,0.06969496156890678,0.9521220996880668,0.43306347711065063,0.3641954980105908,0.9539097564228496,0.49651862274761815,0.9790377842925827,0.855269101253323,0.7135322323791286,0.05733583374791264,0.6571341953589805,0.987854148185908,0.3315405741402159
271,0.4679776873814324,0.5437918784469192,0.3482985762312865,0.008890107797435143,0.7354398616900786,0.13102172065699072,0.2931481117341399,0.9898361805955899,0.1030637504651005,0.7668111801384566,0.03629224156332734,0.20727056814770156,0.0724105648220476,0.1330055270411644,0.5073881183881198,0.17055829396984304
3612,0.33421397115381574,0.7714336746008035,0.8116457778652606,0.3299668536250851,0.2911013072054768,0.03007792841941772,0.43602978053206753,0.6661149092494683,0.9305989027801933,0.7225463992460738,0.36538860301481024,0.8630396350451808,0.15587401206876894,0.22010419105299836,0.5290839116420555,0.2923873613591275
2269,0.2289583711322563,0.38640439784245223,0.03250279554272119,0.38346645298799775,0.5273416216431186,0.2594571113860507,0.43978689365093804,0.9275487106929893,0.603151514427685,0.7784000700556292,0.2731257724675869,0.6429532464291674,0.5237527083432494,0.8058501287708537,0.8400503718666176,0.50041670716184
815,0.5523513305140691,0.41004005704098795,0.18567579764801065,0.593677996375089,0.22644678599114829,0.6172548210877392,0.5585315238694246,0.502316345746799,0.2607507922241668,0.061487647288750384,0.5260239877110113,0.6564683444134422,0.2529057230922997,0.7001427826973387,0.17732526835116,0.7273585072257908
776,0.5921623937839466,0.4274396282081258,0.12586608377288538,0.8902543960091516,0.1401083638510185,0.03661351892011194,0.4180293250297537,0.6891309923522507,0.4822445204680681,0.3984064606421477,0.5482725573253193,0.9020979945447529,0.9780279362109077,0.2273521974448282,0.006612364414181501,0.46412149928782737
2333,0.013421991504546428,0.0033557998662882985,0.34601451717217124,0.1020408851836201,0.43430444311556426,0.25597531368042287,0.5278467257271471,0.7105184619099018,0.5564418980178437,0.09579941972986633,0.952921452683239,0.6384965127749721,0.9952783347653162,0.06782135366356558,0.8096789096101981,0.14473697277423356
670,0.6727152858019877,0.8859222123519411,0.11533906809254486,0.0624983728897002,0.15598495224536232,0.5737676292629776,0.4827391357298475,0.8351073722242625,0.940608393172565,0.4324506943210953,0.7998818863117912,0.49044002797455105,0.45165144775203026,0.2992703292887728,0.4592059729111907,0.004763074537525011
3139,0.1847821724869659,0.5945618650200539,0.38430284277562954,0.5021454443789262,0.5421827244764744,0.7948025948893085,0.5700617802581528,0.6119243454346449,0.18146178615972966,0.7603567876392068,0.024253257082262985,0.38379328540986485,0.3423112564655348,0.00260484432051397,0.2907334228181834,0.5765808080085881
1382,0.5709238377589225,0.7505043155143044,0.15407864952853487,0.01476403381833995,0.2661337669519102,0.11634250943900636,0.6009250923701304,0.6964805347160126,0.25277060730348716,0.9611690957124396,0.8455722946666975,0.5415606197756553,0.11405911771341143,0.8179683399048177,0.28462258068052404,0.19871705556370822
676,0.3438002629766853,0.7530251374967256,0.08953510633700568,0.9745866366007272,0.14009024437188497,0.020975460655012244,0.3503752264128791,0.885771374271061,0.7138234154496713,0.4810468318983964,0.20959508289994191,0.8049217033700977,0.6996481598271492,0.9133006734864024,0.9779772078313136,0.3331028970828198
2600,0.004258745286214961,0.7153709394867404,0.19238132862281834,0.8579671790049439,0.03735859066001097,0.10496277101377227,0.5160330721919133,0.7695990018804169,0.682477230517217,0.014199610910013148,0.9953125388453744,0.1332722768888386,0.8862622587569726,0.07160241460836574,0.07281689868136369,0.7971272367508757
1078,0.47371181763828224,0.8805646472929969,0.2595258904824924,0.3953548999756067,0.7771346246601945,0.40372552532377154,0.46366999555344107,0.8609075375796418,0.9718456550474932,0.9128235051053475,0.5025802863228392,0.3768945719865266,0.013371322584869639,0.0878630867958562,0.2556625054676859,0.5379453002088113
2745,0.22667350638571038,0.003706691283859531,0.2663706912155622,0.8140892567145988,0.4665768382157584,0.09503603277338547,0.33203655537786486,0.8011691087366988,0.1633388708634409,0.37142977109230374,0.1694056975022147,0.17264069175507415,0.37129337010660135,0.6232661927527754,0.30276123983425407,0.07990972306168256
2959,0.4202068348884398,0.4429959037094758,0.39043019325269046,0.07321572415971597,0.00044797194723987906,0.06937292423211021,0.7599362430976506,0.2843915320085,0.9771149156559027,0.06707636308830577,0.6727966852847759,0.06964848901120588,0.49210283915229874,0.29961189052557385,0.05111684066373397,0.40640001486163635
2946,0.6944633010587328,0.6559765126447598,0.1554281246594834,0.926002546945645,0.3096901564303202,0.7203163394839386,0.38637503830833336,0.6510477994696757,0.22024192338790993,0.9268747265085148,0.17074857593176665,0.8202116473546222,0.4400011887357975,0.05145376661217548,0.5686008385708791,0.9632195038557809
766,0.8342435095732151,0.9976819725816435,0.024623990450992582,0.032485915778456116,0.08393031618065029,0.09410352139346961,0.5127819552206551,0.6677813842701968,0.7477740932816713,0.01190937726768864,0.43353302511296093,0.0750461797470382,0.06063574754257776,0.7001341736922342,0.9110407426699795,0.7562093472880133
2902,0.9913574113106182,0.5372561390267476,0.06366475034246978,0.5981233000935434,0.6309854795538142,0.0635366195721677,0.21442217782889963,0.9666326684234463,0.3273154843293044,0.9195730251158457,0.17960052501021062,0.6096178186090099,0.3670825744316676,0.14756442185134142,0.7927244535105055,0.43069398106774737
3597,0.7676061449522386,0.5194083726574994,0.2606942728583196,0.10190481991308667,0.9444951271998939,0.026805462393257477,0.39740513787656895,0.5821930024957708,0.13068507815424174,0.042506975377238486,0.7274682183269299,0.9151134564861506,0.5358169031620835,0.41454877924435585,0.02889746003590129,0.37894937103266213
2028,0.42629397737575736,0.07155933052176276,0.009473459944108009,0.8216175531625866,0.23909404079076274,0.26861384314352604,0.6529535259718999,0.41197491544495657,0.7515211416421581,0.11299123386977786,0.30611379651288706,0.6075486704724048,0.8753663788138615,0.02653979077789841,0.9608747640249393,0.8549653279868062
141,0.23787426272821702,0.4617996960574048,0.09505272880351308,0.2945925987347521,0.7088085902433312,0.45383297626263597,0.6041767184305823,0.5218912376593657,0.017970335737658348,0.049076335971816036,0.8591769477944896,0.8803690622364598,0.6033214246250179,0.527627127916038,0.9812536536102048,0.6253592315500616
553,0.1728151918237956,0.5965583562302593,0.06818330473848137,0.19929820837688905,0.09546142446919266,0.3058806506381317,0.4467806671329516,0.9851057360972164,0.9109237621665434,0.8320034177210986,0.8551134660136397,0.3219562191807158,0.9538058855306851,0.2585640911250998,0.010908086623483967,0.449350967234566
2801,0.15276822152788516,0.5268226127935668,0.7367229938458177,0.113756041396714,0.28871151228088177,0.10948307675936035,0.2866202406431842,0.8280087328852125,0.4244123369765971,0.9045579659988526,0.7943394656001443,0.7327644265892603,0.022193915879827046,0.2798252044313474,0.9658573542769661,0.07863106182832597
810,0.6704730560619794,0.7284472998929984,0.5502334619652787,0.15934343656882557,0.1569553578132622,0.8362247104083823,0.378689213835298,0.5944346481759931,0.04630640914203536,0.977123183555722,0.23499761194286792,0.5817322953223937,0.29453265460864764,0.2686335056263955,0.7613554000498045,0.08548955785382313
687,0.11117395540589511,0.35571648551963975,0.1421228371992856,0.9448351120948789,0.05823842446325714,0.718290128281016,0.4017923265599357,0.8467983996626001,0.7905463412250271,0.44433983143877953,0.9888067858834666,0.8246456991063668,0.5919634290280972,0.5953298141574402,0.6248121178597862,0.22620464479814129
2748,0.521332136256828,0.1368255082437484,0.40058320729532515,0.19332627047722478,0.5326081755415067,0.004277974981807924,0.430216301243864,0.7499494616649937,0.3963491356936773,0.770238048374009,0.43149694253865,0.8893959874488678,0.012414380592091602,0.5368170894570561,0.22689185644727747,0.14730812906430693
982,0.5468774810323315,0.02562288759639523,0.33692533542210057,0.553929290745373,0.9381008020895681,0.3059642182515769,0.4784824869221859,0.5633969424399335,0.17802774247000547,0.9785787527404887,0.18344549097459942,0.6033238874629917,0.28267011456390123,0.30266618932440803,0.0702943570574257,0.21489024487923875
592,0.156822489362121,0.9409327383272794,0.3890855688458034,0.5932469650037809,0.4988761307422522,0.14186983887460902,0.514804979418953,0.6535517070227433,0.41683430125080084,0.27900520303165127,0.43586381061464696,0.7219503913313456,0.6491481435030517,0.15509563899210838,0.9477809375094841,0.20737882774560248
37,0.21704267379177064,0.12137854069832213,0.08680415889317977,0.33281033825416273,0.1417729342493258,0.19631854840697224,0.5395747181632586,0.9642098778333958,0.6022653024157143,0.8130200980774147,0.7845746503473668,0.18165868510771094,0.1683805649140006,0.33355989857583673,0.4507394717725066,0.03930004646551313
3666,0.1202662719108483,0.7655846630503167,0.6477995688217414,0.3010107900959722,0.06817146629248474,0.7588667320430704,0.22675325843513155,0.9323902103211952,0.49840816554039513,0.4366174272057874,0.2179262723499537,0.9586498628587873,0.250480022388826,0.2985328320073346,0.4564486600755282,0.01171182930176679
1980,0.1543757998076784,0.005804646615408493,0.257003498347681,0.07294715264299736,0.7525445338875586,0.2663212643649904,0.638914626198382,0.5265258671682418,0.9215486052111321,0.001813357736547678,0.7209247844638862,0.49872178540025536,0.8304528195026778,0.18883199159531325,0.3431347452972144,0.9140952156129449
183,0.6462823490960538,0.4869455654565531,0.06941460292263207,0.9268574899442075,0.3028099176456053,0.2124450373755089,0.7270651225401052,0.44201143613475924,0.989070418411392,0.9790652964803195,0.2468394651870986,0.02798584308482662,0.22031287037085387,0.19312045938590972,0.9363548004214669,0.6557301851199736
1494,0.5557308817505141,0.5640722896287758,0.007622309613185208,0.21312633386881125,0.4265565844409333,0.6219806451219575,0.4444275357672298,0.8948615054360591,0.958027097793436,0.015236146991536238,0.9637550520692186,0.18072111825040546,0.2614340030338974,0.6594639069620948,0.6268482415292496,0.8944349376338453
2326,0.021078177425587163,0.7823910460982386,0.4510694801894205,0.6700608322582489,0.6542069835396385,0.5858184166313338,0.481527595327145,0.7254475689636392,0.6365571582948412,0.8407264025902353,0.8673319411157985,0.8441456486846032,0.03031015017502667,0.023639047223189307,0.8947374076776458,0.6639429687664131
1761,0.11052617722049264,0.010051161178693238,0.05905524182616881,0.5373155067366482,0.8498672764685998,0.25174186420874345,0.561457065598401,0.7346268836337775,0.21006308636483068,0.5579205325777303,0.8028666463135672,0.41040064609981375,0.0034413151762462384,0.8062728390241023,0.5714571452914416,0.5737207817167416
928,0.1506092837446508,0.13647177709991773,0.07222144214164285,0.37943792711800284,0.9112486818776637,0.6308224870394332,0.4911199867349673,0.8500763100818717,0.35378586378932475,0.13251044285937977,0.7230972742960767,0.08096962566465127,0.3978765434365309,0.028470851143261058,0.9561291040843903,0.09041060336128706
2962,0.6580442378851182,0.6049946304789424,0.330990695626751,0.009549672958481116,0.5398196964910938,0.15149333051916544,0.4509299000198109,0.7642263495493388,0.9421782741052614,0.9564187038530151,0.13940030986675864,0.8836005880632042,0.6214451851537359,0.7588311539760634,0.9702921817621359,0.17732931645829308
1042,0.2133229344497363,0.4987124212695835,0.48484683152551794,0.8227964715013534,0.35332433832348564,0.07097381971824483,0.359918336244073,0.6793749612949292,0.9196205318501013,0.04560465170031228,0.8025995851766886,0.9188721007710298,0.22626121852790515,0.7357856689969525,0.8176747109879952,0.5938084416981045
3434,0.40621026536061394,0.3951424498239578,0.04244453655145421,0.888339604050804,0.6186276350817684,0.1644233655920906,0.310632906789785,0.959171501538006,0.9855794888917778,0.20786401913274774,0.9033591391402702,0.05067270120749543,0.3938882535330607,0.2119655831771278,0.22400509706292973,0.9971530620244956
149,0.10250510201147368,0.8963103300784989,0.11577805347900723,0.8092985364045938,0.9345555634821274,0.125028414358901,0.48755918865867065,0.8748195028876371,0.3946992449442995,0.9977906714466402,0.020931582609659504,0.14260783221511564,0.015308117047729438,0.19570707097366247,0.9743489083121069,0.5267448605843361
3384,0.017269223775985207,0.6772205562709588,0.0916876830330544,0.34007072673584915,0.3275602929552568,0.3814795146625318,0.4660495286288002,0.8050711683240435,0.014448026377193394,0.0666516858600628,0.6392265353507854,0.4253780953168881,0.8560429791462975,0.04902969556519369,0.4004865061249783,0.01494297251181265
765,0.02262354676712146,0.4226091967144704,0.2194678683379854,0.052188464526625185,0.4482180714024338,0.030773394296450065,0.7066251765631031,0.6439604414534429,0.7160754938562203,0.7091766719427925,0.05476311470534463,0.32851868341726953,0.10356018681425136,0.25510443530371946,0.3887556419388344,0.2851683523050455
1452,0.40394163740266165,0.44727694925682454,0.1280144842328759,0.5823557665012229,0.17701723085006982,0.3594445538472833,0.5061791242865217,0.913853666717492,0.9816704632059412,0.9983146404041923,0.5016323690370798,0.9186905221521087,0.4087272587838814,0.41485432316856297,0.5598793877892277,0.0980548821919964
152,0.10890082629822626,0.3066733233908676,0.5623492952661195,0.5556713245660025,0.02325452001455236,0.4654423962075494,0.5711058989940511,0.5428001064702428,0.3281010188975672,0.6352870169730258,0.36214049792280734,0.17112674632843677,0.2717803197409816,0.14924514723984114,0.46079582940496644,0.953957970190054
1708,0.012835097142879717,0.9220097102604191,0.4087107373824567,0.20623624701052704,0.345111488943934,0.28418984528306646,0.3518537971579201,0.9453217007312157,0.4986402960170462,0.6121809544740351,0.14555233120774994,0.28881645850065774,0.33813270757711283,0.4703480742202925,0.9065633761590572,0.9153120172963264
712,0.7208081983585555,0.38788202538321037,0.0268386831761271,0.7995881468666731,0.18195618056063156,0.01792249810438531,0.36661138091933565,0.8332509914026427,0.9913792685358773,0.29763389855244615,0.0198770003048239,0.1471544289007255,0.2935493800106002,0.7424270523235423,0.6346189775564374,0.8087237358484514
3339,0.19314229034593725,0.43053678284162133,0.5720843275978017,0.9103311665384118,0.007828479769730605,0.11307440422051604,0.5085463163984796,0.649788497036017,0.5207361871887735,0.8486989500368215,0.1633351235006217,0.4800065722784921,0.6474108103284746,0.12126406480329184,0.5087254700228705,0.06231943912634817
373,0.5391977472922019,0.9592861022002467,0.3457602902527837,0.0667170492130411,0.2511776630981907,0.42644942461413243,0.5564967419807185,0.6779820513417354,0.4575520063695485,0.12659012292648977,0.4843777585561331,0.16123717114096592,0.37174759875157953,0.041204381744764186,0.2797872144263807,0.46275014602058306
3515,0.9955718996047276,0.9649436325662993,0.1699078915046898,0.8067044337864785,0.13289620012681647,0.1688850645874209,0.3306917475920391,0.6599533701966328,0.8576053721808539,0.6333327250266918,0.15498730248941905,0.98364816644911,0.10763980784607015,0.26840836259454354,0.5001601899800086,0.7692618804225276
97,0.4833577566619198,0.04899255937467674,0.08358097900173807,0.7054411087996849,0.09129390388768094,0.052556786365803104,0.7361753490685998,0.3782481570769722,0.11449536823931507,0.12012448302561413,0.849808281181719,0.7101725629792838,0.16033293246158292,0.1696926854627672,0.7610505651737547,0.6461589410884663
1938,0.02406996841203102,0.804059217309791,0.03136699340593316,0.30073509604122994,0.8099121724751028,0.8047122319914722,0.44986084885736916,0.9773607847838995,0.9356016880153823,0.5240739406758634,0.3630132196940605,0.1353085901835473,0.16465380438132443,0.5979914422074336,0.9890690683343127,0.7126320296723162
1739,0.02443715659113386,0.5229441790109528,0.3573614104441637,0.21499546799005761,0.16686046873693863,0.17432093469055743,0.365483119891126,0.9354553649681664,0.9576797109927531,0.11195374433616465,0.03281077058507716,0.27426555817879855,0.8855891928289947,0.42107181794228626,0.7045407329610753,0.37574554106081975
1862,0.31934686382760213,0.7024661132223692,0.0827400352603343,0.8841066756067961,0.7224417272130923,0.12416727288686427,0.37420498240360084,0.8938919339079292,0.854788976276815,0.7620843103881352,0.1973128622310376,0.9505074037177452,0.6665018202244913,0.2365013895366044,0.19346453076138742,0.08615282762020468
1415,0.36645741802943665,0.5377803934149672,0.4963399970333949,0.08508985588404738,0.15392074053985522,0.7552867093270289,0.5149697598569201,0.7407308437655925,0.9491765143014049,0.9284945210123896,0.5893443921131314,0.0632392530596864,0.49865255646848566,0.1802987973748884,0.9738901721816314,0.30824018331183234
2558,0.145001587204839,0.16911558581880873,0.10922382373152627,0.5134015085917627,0.2431524218217417,0.7621519949243863,0.647866275978138,0.440333399931976,0.7929098272254753,0.3481888974505742,0.07598722781039355,0.058685327571195295,0.6038678706572241,0.6587178944703904,0.8940045544284166,0.5988394867120311
253,0.16108162008941254,0.1001761791972162,0.1113875252887813,0.7932564344535118,0.24121582522560897,0.9103731684165877,0.410300128936473,0.9181603830516576,0.9560788688033506,0.4610376275984317,0.8673234739492294,0.17861637687471427,0.0007859270202854929,0.38094304029770515,0.19390397338593743,0.7987657562123374
2744,0.40299315095812405,0.00010686489881662388,0.35258431383188177,0.794000834406815,0.321054138184463,0.14326509628453518,0.6257155833912793,0.3840740782521007,0.5467433605322694,0.676532309172226,0.43185734596154457,0.6996692276800376,0.009129945574986116,0.610450150022503,0.012721915317409575,0.9430082421298727
1848,0.2858902175568649,0.03605879126320797,0.576373148333498,0.8429422312716992,0.4119398441851396,0.4378453249001416,0.19090049084491736,0.9583270185659307,0.18124910344024156,0.6953452641170695,0.041729158271245015,0.7542147629438125,0.7439205107524246,0.00027797511055856547,0.9610912580243746,0.23065360025095044
1536,0.10033670224725762,0.9960986751714801,0.5477756479035698,0.0020399849174292405,0.1207910338664278,0.689289335964154,0.5086087496157546,0.6161924355343381,0.594943783602915,0.6664078416676326,0.952367986231089,0.9733156699237233,0.3531610460572304,0.21280346559807764,0.6229166783495823,0.39447533142716323
2925,0.15562130547395192,0.01304208566987932,0.11696015494287045,0.4948408687148394,0.39550166572175627,0.4999372129876161,0.5855641028049746,0.6792979210695826,0.5183138256263198,0.9559221106831965,0.5939083324252532,0.2936981471131053,0.8135680200258923,0.07553059400448715,0.6376309903081734,0.8572749833104624
2565,0.10738044308720276,0.12467021796720085,0.20355313617121107,0.607296600325523,0.6083904454319716,0.050895456540741034,0.5997625322858368,0.5775866041996127,0.5920254057337482,0.08319609358018795,0.9579276439350723,0.03094484217086878,0.20596372749840283,0.9448392934652968,0.613191208025693,0.9946810615343844
2860,0.4552190370407678,0.06600318559307669,0.4482356681638628,0.597045962271464,0.004934198602023605,0.08732306072558463,0.3890499290028302,0.6204574857977246,0.24886692857477466,0.9066238962667829,0.2875918364201892,0.9553463323820057,0.7777038605623912,0.5441026039444775,0.9215589442725592,0.318764266814034
2206,0.05225076594853863,0.3705408421200794,0.30681719715335604,0.08590982772553478,0.26706947623704713,0.023027274807291952,0.2985156748629325,0.9661563318398189,0.04359950460014032,0.32661392916551857,0.7599939018309009,0.5650271733938446,0.5370435624367236,0.41228977350378093,0.5782024842990832,0.940408281116805
591,0.47775126643427834,0.9175931821652912,0.04625439180819988,0.16664288396416105,0.7388738025214282,0.6583452278541853,0.4836751723958774,0.7263560678683845,0.28615023072876256,0.29718478199149784,0.3433270024114098,0.9117036256338221,0.3867422446495032,0.4428712626547506,0.3504962698622527,0.21722933088131993
2167,0.7617946757659726,0.11840185126098202,0.20860614235801736,0.9496149976426764,0.2502530098530765,0.19745604233334266,0.2553351304768334,0.8896806431933039,0.7399770276416353,0.42166696945181215,0.13961851700344619,0.6846701817927475,0.5754848780333176,0.14305612981302598,0.3204001484366343,0.6832458421032604
2105,0.30014861540186516,0.1833472701712948,0.09535610441105467,0.16157942041992843,0.8736174200104113,0.1573122498065738,0.4985824825145766,0.7808200283707396,0.00805219058378601,0.344556091045517,0.0011166443737296852,0.6338142724845994,0.8450671989563766,0.3538327583465498,0.41450337517996133,0.7287090287663646
3338,0.251352768751923,0.8746182041318529,0.02179902153669812,0.16550982382655735,0.4576286142109998,0.1272430647920661,0.7449007762349894,0.5217370129711068,0.7344530507134158,0.4883075897671978,0.9403485065485196,0.06999552050250325,0.5831308346368781,0.22165322435230994,0.79062040382651,0.5452207671093132
1309,0.41672150613461845,0.4808847783665939,0.41358738703316833,0.31300863635094134,0.4333677989905413,0.0010816641372130887,0.4298663444950652,0.5877312930686274,0.6023882688696373,0.010142193788153167,0.7058280303266365,0.5311890038816088,0.863492365411343,0.5644547031862317,0.3782283252709807,0.5726966980261388
146,0.2979004670011912,0.2704457324230756,0.09009869666458512,0.9817975385810895,0.6411743301482262,0.12940991744100716,0.5567138996096586,0.651394655720589,0.14577669615329747,0.06050506134988418,0.7401654882517349,0.433363182917732,0.028988356483693894,0.5253759691705666,0.016655720357995486,0.9462738874044376
1037,0.4506733939141882,0.8468683858708582,0.03760661429899689,0.6024396071277214,0.2601211195352271,0.6847855889526567,0.3577561411564055,0.935684614655545,0.6861238015407991,0.12129950467834234,0.15327494667868258,0.5367973934155915,0.6509229225250985,0.19021592882930846,0.7409627310994801,0.8707118350791551
2153,0.4674915243457161,0.44563562175851135,0.7566528215821774,0.9373701873363857,0.14567768875973638,0.316292512254837,0.43578546661651313,0.6396595572248666,0.9282499232507928,0.5951966664508632,6.262980662004037e-05,0.46356030232996137,0.0071791755666201565,0.31432147788413506,0.9512973126308716,0.009100686688566846
984,0.44241964392726546,0.006732765490966875,0.49296531295408086,0.03141895234122697,0.1061346887442864,0.5385451370035496,0.5827153379673916,0.71137051539971,0.9566530385749449,0.3538063928014264,0.8856780527884471,0.006528814064494549,0.015076447075935456,0.13479424754615604,0.6266674402198598,0.7592120445855013
2809,0.06654862419943747,0.6535683844492344,0.17618989088881895,0.7255750444098323,0.27763430298058783,0.8363385970294821,0.4957584937940482,0.6517787709899701,0.9871652308117093,0.32565736020169805,0.5048665989993336,0.9342428714242471,0.630949785435246,0.6385213788041199,0.9958524713229135,0.7958829588208686
952,0.20930155289019597,0.7548052308471184,0.2073330699382087,0.5126159673650795,0.37202647791597854,0.20575185882408079,0.617806205602219,0.589926431417495,0.2739238326085854,0.7942111163233109,0.021836202929505777,0.9494203825838036,0.0350736835194348,0.8895959263300454,0.5042961633736432,0.4834213307476246
3617,0.43162830314705686,0.1874028771482444,0.0664016745725485,0.5081586304440333,0.585520323010384,0.8985488565018737,0.6390022430304948,0.5753878403288031,0.468922651093556,0.288333816418821,0.2668178610817989,0.17188354673391573,0.06189791352341936,0.23328074620623576,0.3994950088105532,0.004751672816264926
117,0.3864825677433323,0.13251609010948412,0.030527710027413318,0.7104456489731437,0.5979707634173964,0.10074801521389284,0.6165554531365638,0.6390663721609725,0.3403880298411587,0.8779674150704411,0.8140276296495219,0.9208580490660585,0.7139807327643862,0.1946310186729871,0.40286904160840553,0.10359804928065248
597,0.1722883546253013,0.14864450549367283,0.013800145882580727,0.27631021988420473,0.27807769516824904,0.13089031488131891,0.6463830617972561,0.8222246995506366,0.9576506870204252,0.8997319089878344,0.037104446675229906,0.9734698252162227,0.14587888212741032,0.6877735980438889,0.0004850429657162334,0.9349464735544871
2750,0.6293233509715472,0.3259965520969583,0.009126603392207116,0.27708905756576996,0.12492743050637509,0.7332693024695817,0.42999036681112285,0.7642902564538873,0.5877023423309797,0.01369306969329632,0.764867374850956,0.9381549841441044,0.7945549171301141,0.7675007280559898,0.990605836318857,0.20963357847581032
1808,0.8701036196044711,0.2912452765421835,0.40365407142563564,0.5456704237340323,0.3568094473498574,0.2717162383052942,0.614461545128476,0.44070008914084985,0.8073113005326256,0.8243180531567105,0.05839156251200936,0.8479751214234837,0.08774051003631089,0.30232506199621373,0.4447676598571204,0.36435744547906546
3409,0.033863763634881854,0.4836579745718194,0.3912586876112967,0.5113994749512639,0.7812559726788867,0.2496912908805347,0.5085238377815273,0.6486646846598263,0.753085226892885,0.7464258671487776,0.8133934822616868,0.8957109758571882,0.33427636747440836,0.2749266336429889,0.043443853035148944,0.3614001004896472
3448,0.21208523598534243,0.24354050054506107,0.0412924227167425,0.7055160453820466,0.8093772423366002,0.341448233836567,0.3367863081850892,0.9788865171273383,0.4220772601364417,0.9147322256381707,0.42724344186318314,0.6299830216190998,0.06370879191208474,0.5292487078030004,0.08637485245036366,0.6264975464542326
607,0.08464395220889263,0.16177786708835373,0.515777431427579,0.0447666046281238,0.014846620008556178,0.3605619645290176,0.6471606190189028,0.5250954790485405,0.8135455119448551,0.40841124377829735,0.9712086458669438,0.7952866629790625,0.07697037410448536,0.11180615340925563,0.22703802859651015,0.06868236501556875
2015,0.05553952121662767,0.7150593349049755,0.11380839436870716,0.06092085611325482,0.22209639555749655,0.09598907491403114,0.6946485374218938,0.5660351207815428,0.38829404274881246,0.4288560419356535,0.9386794448750585,0.9800115018815914,0.5559537823769076,0.06227392241341521,0.15711065947944874,0.6855136357367037
2708,0.3574999528645225,0.049002554050154044,0.5446366818813149,0.8554250084209956,0.28923459721421263,0.6328876905040294,0.28379423519483454,0.7237221891380976,0.3639910154303864,0.5425181313617657,0.10608795598574473,0.9037381012086045,0.4138703180108093,0.5518709498699433,0.46117839384896014,0.6259056343662732
2766,0.19935316170751277,0.23736069623639736,0.08255829768458958,0.9933794853293954,0.4665083415610219,0.43482199275101807,0.6968013261802793,0.35797888651715004,0.008169759460212754,0.9000861641049318,0.19513237652396034,0.9704415017365418,0.6892193102613623,0.05900432985288229,0.07920221386778444,0.23297455703292974
717,0.17278276308541488,0.24521118255516847,0.4440125631565232,0.6218936304391931,0.8526809401433572,0.4225648601025834,0.4999802149365186,0.6496147075404285,0.9764441516045791,0.4174718313082042,0.24143406516405164,0.4913759242249927,0.4368381327225095,0.07557839665792172,0.7855896446738192,0.5847280981910452
1358,0.7121652479723757,0.9763867300370006,0.34956870418441965,0.15999687543607882,0.9128624471110273,0.024478897838716807,0.5026448277985972,0.579646010648012,0.5839927756607319,0.9252108680344966,0.134611339571283,0.6732063652714331,0.03962569591337568,0.08738213539896424,0.3391618922314066,0.10144260392836665
2462,0.15647066655285058,0.024353528678564145,0.5722300158429845,0.21121258454840414,0.004851598159896697,0.22893016208293512,0.5742714000978676,0.5758403735345033,0.9031154758582828,0.5680678492036781,0.9508800467191095,0.2221733608461838,0.4930996787078965,0.633307235505005,0.07318760245304057,0.6214741755981235
2223,0.9147538555781645,0.9950600266298748,0.18589414804089247,0.1618848474819784,0.44657390209179826,0.05659048937465778,0.24327894557457336,0.9493707063858257,0.7766846634653329,0.07922607778925785,0.31663195586951554,0.8120890119391222,0.19857874451655358,0.039368945615937456,0.787117880520241,0.36924977207229137
44,0.16773995436009748,0.17694034647400447,0.006136908652944911,0.12169266553387754,0.8161251325235294,0.07520689390283863,0.6556319886070259,0.7296397628755324,0.6387116295332592,0.33413150502190675,0.3531819148450644,0.8027613747575111,0.16464987128806652,0.03567917252624517,0.06061924882312373,0.6585058425179783
3573,0.9413920437889708,0.11802559004221254,0.06767635330228068,0.4735200690214116,0.02983258980102114,0.010867940488417412,0.5874600089165816,0.5838840915113888,0.6813336465955997,0.08258318061722969,0.22052560238665225,0.7948701734672068,0.12275378960145425,0.12559777561064897,0.7081921694440869,0.12636686817907564
1580,0.5619749797922237,0.719004359349276,0.12094854533372713,0.4386422577803311,0.07735456558685704,0.038197327637562666,0.7306107804728222,0.4132859388205123,0.7126643935611535,0.2968836907205497,0.9918397204834494,0.4615685654562702,0.15406535266671306,0.4628013015765897,0.9834574800319319,0.23471496360913593
2704,0.24245470008656944,0.20687871993105342,0.06431949100325902,0.9532775632566023,0.6367537460157471,0.6254317539856586,0.34992010491658165,0.9724034881488951,0.721785336635923,0.5359485188948037,0.29606792148082445,0.8421526218652118,0.9201899328395,0.20459286363508544,0.9046616086179953,0.9677489255660514
2127,0.8885461001852362,0.6907986203655645,0.013390819042639413,0.061554747144002366,0.750789509044829,0.5397304325602912,0.4322529372966781,0.5819145116586629,0.7560696074192276,0.35139158609301807,0.33161259357267264,0.9500458565931484,0.2407298750740628,0.3206646399990809,0.9475390859655948,0.9050913061608228
1728,0.30705072235892344,0.055806978916378334,0.11248853918470696,0.08459450863161701,0.5125455713175612,0.3641485660030447,0.5212837835159023,0.7461616669609714,0.6400301149653459,0.22893759277118814,0.031710724372574765,0.9295326063085971,0.42891243075737423,0.9228990592910906,0.20461136219566747,0.39086057146288167
946,0.5133245514743043,0.645409811760673,0.2551378619776622,0.7067972500353553,0.636795211045928,0.029110481256379436,0.596798521435918,0.5441076263802495,0.7991250703863706,0.43180562416511,0.17711904545288043,0.2584164529395319,0.009198357038487382,0.6137051828316249,0.6251640768600925,0.1567731477906422
2303,0.5914084728269391,0.029231850118552623,0.0759135083688625,0.849839178577107,0.45607342565319653,0.38587245054300473,0.4977007792029045,0.5880034452908397,0.06472747118401748,0.9920381153757255,0.33112770438827477,0.4675433268928678,0.19380654929374447,0.8496174189591373,0.560249339872974,0.7736626460517678
2408,0.4795514797159826,0.5686190315630624,0.06647362756234813,0.5521810981934014,0.3293729219435066,0.7518921188094779,0.5007564080147763,0.8359285641855839,0.08404650922767004,0.7049705723331683,0.7762086249572504,0.713794743352718,0.312642042026334,0.2965716929990407,0.1389877641699868,0.2630945556384394
498,0.05426737584365204,0.29734598982364463,0.4615343628751505,0.04049579159614092,0.7948240739449784,0.6904276435310608,0.43021938854136765,0.7241153356737132,0.06695497284895507,0.7753400928511736,0.5339843760641896,0.7061273398907879,0.1257792775034844,0.04841986387695183,0.21094872265498293,0.09585524367321845
448,0.26980131186774536,0.5272062075849521,0.27309214501485013,0.33354865708762793,0.06252560294771245,0.3474470135275441,0.3962983876194256,0.8652938754923828,0.30046199725888345,0.4712307877796613,0.051933334563415263,0.5922797326797193,0.8179285484795995,0.36251083358367214,0.2003588233045943,0.09404953536620436
2764,0.6003501133217755,0.9203910353406839,0.5761613235450598,0.9804417666903289,0.06443255272130058,0.4450796613064505,0.5203891006941762,0.36626592017601733,0.832971091645703,0.9362617576679702,0.8736014842842319,0.9154348508123099,0.20200358831543655,0.0956346371189879,0.0052903108363145145,0.4613477435828532
2431,0.7623901433465522,0.201721921815724,0.18061849379116146,0.0738064052630435,0.2987296940009093,0.192536892496936,0.6041218239836964,0.5082698964024274,0.45816805345382927,0.39632386929378555,0.753016252069297,0.9290533117952618,0.1496050991576158,0.8437097779587839,0.37929136198284097,0.9441344680669443
832,0.7891840717887815,0.1502453747612188,0.14864657639017434,0.20997146638578035,0.518247691571298,0.3072193245067131,0.4796459500311111,0.7990057308070335,0.8658952267528639,0.8100420273824624,0.9661737727016287,0.44199571118908554,0.1998368009466629,0.2801040236698153,0.019591744475398784,0.7361964877151862
2484,0.8591608135281927,0.026943974738531308,0.23953766117189979,0.15772039211765967,0.3425252607942447,0.10966857910743279,0.5455128885767015,0.5861789546340875,0.5010218368308574,0.029537774371191945,0.06466994093972056,0.9583966541097161,0.5251715918915129,0.2535641851356021,0.9962091134301979,0.7291791242615573
2410,0.12823449009926352,0.21521569239514343,0.5473143757837887,0.20354137994691782,0.1759759089163771,0.8116000688906272,0.4405125804670744,0.6574828210592976,0.9221439699556426,0.1894437848080865,0.39932272869007124,0.7594545075698481,0.13591416412132284,0.8395594809893226,0.5552463061195413,0.13510817925324056
1231,0.7775502037550222,0.4631127620477839,0.5695019667881908,0.5655674976094462,0.33277309701750385,0.21633541585884528,0.24102738329014153,0.6989082229967895,0.7699015656148291,0.44141895969310607,0.664627829076119,0.8984301442520002,0.5198246887598169,0.42277959770259793,0.9789394708925082,0.035257451213864255
3346,0.034886470003703304,0.49757616745329336,0.24185544161036202,0.8469460744079155,0.17137581582901315,0.23546568515442773,0.4484946571089153,0.7990582333653125,0.8953364736873284,0.7555381200148831,0.49621675502848944,0.254140788573846,0.29517866299671613,0.8313985572006353,0.043500057605901504,0.23551871195027607
251,0.2990144967487092,0.07241795717890814,0.11163524834949497,0.029997704630021462,0.6032912535327281,0.006718643945803908,0.34426423458095606,0.9983391969215272,0.8555063419148161,0.3247991063979919,0.6996740340303262,0.3443061914777085,0.8087345211439586,0.9312587173006885,0.8267086012531217,0.18866138360555348
2142,0.5888374260895036,0.15351809587176024,0.0674858580424399,0.4902410614416527,0.8718381424222662,0.3209506487079039,0.6446828497578871,0.39081572532038944,0.5533800794674462,0.033918078108228625,0.6805858559861016,0.6563419183219277,0.5145239194091838,0.08734274897940573,0.4993266456777993,0.3576023374290973
3639,0.03789926461565334,0.20126765155866666,0.3612376081356592,0.06818162962056197,0.598479847648155,0.11728901856677285,0.6006761151229828,0.483631722934566,0.01085693853968079,0.2621983334200772,0.5596997995745435,0.41740371102983587,0.6563606622279146,0.8375215045255937,0.6639448659146138,0.2775026260270224
706,0.3961503069090274,0.5425123065780005,0.41990069287827175,0.004784655719998646,0.7917597638614364,0.01576724669718308,0.5925674027851119,0.49959474910753204,0.47247086032072627,0.7819824055503307,0.4148923141452784,0.5584387202848109,0.32023016892248996,0.501291943083012,0.988670771872292,0.4548112100456226
1899,0.17222389782941555,0.02878294835415849,0.7480502826205486,0.0015575203028416406,0.12028895726896248,0.19342705732516308,0.5577506825149522,0.4373589199653465,0.147925324356341,0.9218726262371373,0.4780424331701494,0.8567587871041591,0.341556394150613,0.3225961419669375,0.5789062650940047,0.2963400870400295
647,0.32986530270404935,0.20125081461736052,0.03181570873953583,0.6403848180257388,0.10196306998870204,0.3809772785683004,0.7913233791059769,0.2880391942485381,0.7791402008042799,0.4479590549816424,0.622414499103866,0.5396011203936418,0.2817165028512288,0.3468316711195611,0.264588805534793,0.46715401326469247
1230,0.36701748599403583,0.05348788529419933,0.303837179501427,0.40013623313107277,0.5204220262438951,0.3614186422965611,0.25624304066677733,0.9783544755677583,0.20613694202769062,0.13448397662188027,0.31815726675176814,0.7465602168042574,0.026516453287368732,0.18985684932638391,0.5191015684002172,0.8336913975598498
630,0.630379288960648,0.271767297752387,0.32352766984254927,0.6998193415952154,0.44104028596231076,0.28710151463091854,0.4869354634521887,0.6543839438894608,0.00893406827174792,0.6231575259712173,0.20944355865058192,0.10973132516184833,0.6169557067876794,0.10928470976589973,0.9130665365668689,0.4347748520683042
518,0.07667579095535847,0.37661029519209394,0.039295889400109495,0.09748730510226368,0.05926838277478173,0.9991090652356094,0.6852069663272272,0.5879856438596741,0.656480487823434,0.6540055619998915,0.7828088389014757,0.6422233353043152,0.11775968015610476,0.48659375168339497,0.8242922976768726,0.38954846878422283
1363,0.011277507015476518,0.08806385021943787,0.4981335855746128,0.8031921228388575,0.13925320211471784,0.9384229305970538,0.2457452639237964,0.9126584721333534,0.15967438427846004,0.9306072870164065,0.17171824055555493,0.25053317901222005,0.2189273782888333,0.16765155901463147,0.21092384499819808,0.2977256929545914
2435,0.48671006156167357,0.6107185827684678,0.2398545185473155,0.3769812838022662,0.9882423126122214,0.2984031256311683,0.5588643331961576,0.6508434919882142,0.7172446036139007,0.2986273873833989,0.06026934290660902,0.995415330820456,0.0991455958877826,0.18341913607310398,0.8386076173677158,0.28811751387609774
14,0.3898661616274799,0.05849504770879926,0.07459542269964306,0.011547615902101623,0.3288613672278383,0.745158973260193,0.6972991066661226,0.4723796901134956,0.07026753696078215,0.3626798971195493,0.5978096738305497,0.9969672478634364,0.014396949749093554,0.34734980509887387,0.8116011627072606,0.7482776708064707
123,0.06290348096795507,0.5158942059414169,0.39590278758661074,0.7462724781833985,0.053295762526261656,0.9106072872390357,0.5387698977441802,0.6333439846318459,0.6969177122755533,0.3371097996339228,0.08235109212759006,0.11482657067460195,0.1297090832469778,0.01740466084684503,0.7228468895321781,0.044893282270557194
657,0.36057204469250753,0.3054280373557882,0.03339646510270433,0.3796261543368334,0.013159504436566398,0.0007005005842357266,0.5427511326283616,0.9648273286830567,0.7142201238698372,0.020769404228801962,0.41818465178882874,0.09116097938389389,0.4045981065077978,0.1170627210073599,0.9703349251975921,0.7893846971446056
3670,0.3053269315353974,0.5555281093593667,0.05798639663228906,0.63518098506425,0.8920991796803766,0.43407407958057176,0.3835558455408673,0.8397112073755183,0.4475503989077075,0.004709906544253199,0.34561167711066093,0.20864724840106863,0.1889982583018013,0.3400554635529755,0.8061685601732886,0.7795670866074403
295,0.012419095259489631,0.2563274753243044,0.2732831954522843,0.807796368922112,0.2821910096580693,0.32666778572462746,0.5157352667896624,0.6391035264073264,0.07200272073184424,0.025509507457935794,0.9796169262973754,0.7729325634213883,0.21398664799859735,0.5855475084630968,0.420571020192135,0.3028332444433536
1863,0.029935306324107215,0.9374273654763439,0.1197536994220978,0.29742626028575536,0.3770689952238137,0.37613917220049675,0.5090378612142032,0.8131031842518368,0.4756089899600745,0.04567953609103813,0.7082494994842939,0.3124604307782402,0.17463679706448637,0.8828265717813186,0.7319917322986205,0.5581619649171089
1147,0.7614638932214132,0.06772951254344961,0.15039853043711926,0.5102584774728788,0.03449763634970975,0.41266161952020963,0.36462535237435406,0.7708117214702721,0.02389726168043185,0.6205786368398243,0.006798184636131357,0.6054566331827922,0.012616336394089723,0.4872480680581823,0.02968055480068144,0.8661484338373351
137,0.6899406382789782,0.3633102584903601,0.3087276291823708,0.4716901841602666,0.03929187079837911,0.2614080343937438,0.5257776385155496,0.7446292965245781,0.6168534747984997,0.6245272548361904,0.46975256111517183,0.7646814234791106,0.22148946608203912,0.525623939464742,0.9018146203073092,0.8521161482004443
142,0.3572887125639233,0.8555100185290294,0.05202110038932782,0.16635350721798534,0.48817842509949616,0.16410238472122932,0.738878467051153,0.5176979649109211,0.4347048061524331,0.459390183790967,0.5190842149919528,0.42972778887149105,0.046384798787666395,0.14286882037254664,0.14120907791658524,0.06580582891214207
331,0.318620998388037,0.03740366717287969,0.2922165020383417,0.3359273263712665,0.21904146827582785,0.17530641531275992,0.5656802664924222,0.5616723393065456,0.018509073100943227,0.06982670821087343,0.023454735705671057,0.7920325093701971,0.04490729080048716,0.9744249315603677,0.8814259447764905,0.2846845781780834
860,0.6372239096540051,0.29095017088487607,0.25764311996819633,0.5497298722047972,0.4038862682316336,0.5721947411704935,0.294361414692258,0.9014714490450383,0.4357270506242909,0.21937413644490344,0.7102333011285308,0.7509678131456865,0.2796397988987927,0.04082312533149244,0.9185821789643417,0.37770353478975927
1608,0.6298424888079396,0.012430309957457121,0.04473026589880945,0.006265465554328239,0.024056267736062256,0.865460243410586,0.5756886517648514,0.6887071543074442,0.08801342671715881,0.4884187776937356,0.03571918165785768,0.655199876495301,0.42226833867127356,0.11201656376605643,0.7309700623260613,0.19141439662567514
929,0.10210092240277192,0.09575445590795909,0.43748187559063206,0.5189729377963442,0.3429663523781781,0.1446392757874419,0.2969962064464859,0.9336740263814308,0.8669666651250554,0.869635353402343,0.7793506243570425,0.7486237567171387,0.5162494033630853,0.018273494759390118,0.56675655636758,0.5567736390227537
2018,0.8031926234459593,0.8344037729376078,0.44972058001329457,0.6698430148659809,0.15953834772099787,0.21463664046773118,0.47396208962568953,0.5631950911484661,0.15367926931952297,0.13175033139238412,0.7282862837632894,0.9725868655686246,0.29925903078904764,0.1256068221905685,0.4667013823546176,0.49480917582904965
171,0.1171653583931727,0.48920233091747417,0.3254234492207864,0.3183536806193886,0.23593834717533974,0.5110301345585458,0.6979137445938504,0.517099967654081,0.931848926812557,0.16801858192906874,0.13490864884526604,0.49875635352655046,0.23422050469487415,0.07183141419660588,0.011479636797589123,0.10459212391243873
1109,0.07971171747405988,0.4971057048080282,0.17714181782311025,0.47795996385817024,0.17155125099840418,0.4247208243541315,0.6559428783740678,0.4938549268799337,0.011409102710129923,0.6786999329971165,0.11966305867613972,0.6331556185906208,0.7286645420041961,0.5462855690402217,0.666840539836464,0.7650782386308869
1663,0.23255692952446105,0.3210824039697611,0.5964246782885185,0.3934935635422015,0.12088880552509716,0.556224637023641,0.40105686296316495,0.6831434583600613,0.8107564757282893,0.05665918895875382,0.5316313027561127,0.13931328913323876,0.5709563375977067,0.0647449501667289,0.5261036504221068,0.09243328948756821
3399,0.06856051933429154,0.3572694944024477,0.3556868213475082,0.017807911098194955,0.16471107805409765,0.4759718830278821,0.5213134935219508,0.702576322114646,0.8579684468509382,0.8539468817608805,0.6728866575750876,0.33190406924740934,0.09492224210185178,0.9732442011854164,0.9702479672414306,0.9041992674229855
2198,0.10698647835906155,0.037663310407916054,0.27798560605981976,0.8688300122889556,0.6386016927003911,0.30053693779143553,0.6234700425514617,0.3777083368087853,0.2703174387220032,0.2226410685595813,0.10504271865623059,0.45728749564483995,0.3909983924630197,0.04610229227028142,0.03157374625667563,0.6135378934244353
1183,0.8543443930928265,0.33619890534286456,0.3178697714145008,0.04171895386372745,0.0022962184079917767,0.3173641028984204,0.6673146634900282,0.41245213289423915,0.2931643132132764,0.5336479670858213,0.15608445691380973,0.522850446665931,0.17820183261734393,0.009235884141289197,0.20618739936135397,0.06735384008029528
758,0.3501746498857634,0.853946476974503,0.37807885304832056,0.05079716369693102,0.6962425969151879,0.23418266915835667,0.40799328613852137,0.7599898790185907,0.2831257156546597,0.04527406737986107,0.9468194373715906,0.6589325214303438,0.5231851655064317,0.0012223838816543273,0.6064804931157803,0.6448076025977925
3183,0.002147307076452058,0.41857485483608103,0.238152545597743,0.7844936872252862,0.8980504702631867,0.1925420187578602,0.4663943697865148,0.7220845465760674,0.10631716946176027,0.9375852144446013,0.1438215375334407,0.9543818238861949,0.5631326052260245,0.0546978142298933,0.9881798108976317,0.35762660978145994
1203,0.5399521742665404,0.38900025621227124,0.022062691005124542,0.906854609980637,0.37511947946312285,0.304882988183618,0.5126091168635566,0.6683925273514192,0.2612000965062179,0.1504984010456458,0.4036726643090403,0.8604728802116156,0.7214250501917345,0.541934406495478,0.7164407552917202,0.04956979301043637
1236,0.0016840286416008557,0.9279973590109599,0.19736001381120039,0.20333124791877213,0.6578653794913583,0.013841075968751013,0.569339141828453,0.6487952939746824,0.4857548166945915,0.9580128233135692,0.19494479669922307,0.761433747581789,0.9048622740449083,0.27388525445241857,0.5376539269677079,0.7712835256335513
203,0.038948739413743154,0.764211972321403,0.17889651875750426,0.18119879436772687,0.1229149665967428,0.3494202900669069,0.612599278021897,0.7504268617054254,0.2827481276921286,0.04697851883443454,0.3113891770219178,0.5631797051163449,0.024767947960848666,0.046968459985011375,0.019899913943506056,0.9455760266761609
1984,0.7472660867295083,0.224139656530144,0.4771979941368137,0.2428335183380935,0.3042374126070397,0.07931454813217034,0.6716505721721192,0.381078578650572,0.3236084046031868,0.014077848641125768,0.8536262167141496,0.21092320344201604,0.07811313238243266,0.03960030130701966,0.14243776479612535,0.9384974943792193
3387,0.3957022352065755,0.978958956531658,0.6204018439298088,0.4831550728304861,0.10283754262731985,0.3175773983188422,0.11331813066345446,0.9303847997188814,0.9831030645841977,0.007971026452447226,0.689553820807962,0.9077150856436845,0.10133879954629073,0.014338033501859639,0.9436882470598421,0.091863960237611
2911,0.18345281779334413,0.2818149443517188,0.07782521566125568,0.396133460296026,0.36328588153088115,0.565324952957615,0.4114097054865806,0.815963711076701,0.7964719123528774,0.021846908197137825,0.9861741916797954,0.8710874819946198,0.6282600430535761,0.937261092473693,0.02958498841413793,0.6198156124357607
1690,0.8491473265001733,0.6075028602625863,0.09120041481875672,0.14203205929308632,0.3776853977530566,0.5996185380102936,0.6338524205988693,0.29837487883670466,0.5079838836202237,0.0616088641729628,0.9958211771802593,0.5442592421859933,0.09276614769062135,0.00672744587146698,0.5423554639583235,0.11634622802228681
2620,0.3325530593483739,0.9350668605333474,0.7196658984303838,0.1578879508519051,0.11925888844055356,0.1817989968126024,0.4301684717083355,0.6222162378997388,0.6600407386856497,0.39277399867854546,0.6523548312331615,0.9580027441943193,0.0023532969713455534,0.03536803059805977,0.8547874321544198,0.9546064774573132
2731,0.32195131033390095,0.7808172849775249,0.46656421660964015,0.7684251556949004,0.029082870191927353,0.47405839201228117,0.5527822710874056,0.5128496172441216,0.9227641384545032,0.2202921635164745,0.8739898524756268,0.12113722717074962,0.2715672094831392,0.438144309365763,0.44585520385142163,0.4472776437836459
634,0.529627584339554,0.9341891189553252,0.08772627654630648,0.4338213459494776,0.32730293695570023,0.975208788536631,0.48890710096242085,0.7646649085728597,0.38692020745559036,0.9851421904870756,0.07204905049648289,0.616329222302302,0.026268280784272763,0.36064616563145313,0.4053926600358389,0.7856078919895461
1574,0.013905309165803282,0.06481516460873657,0.02611152369896856,0.06308838969391653,0.33923523127727806,0.6574416378095779,0.5027917657165664,0.9251539775683493,0.05385821611593367,0.24061290954525594,0.3348767736335048,0.25935331208983065,0.29015936406348153,0.12510897595055281,0.17399089556759736,0.5347865686077057
1849,0.00656914398937697,0.3760595731554879,0.1439797311318742,0.9670317007551595,0.7103366019893136,0.12410925771549712,0.3415267561917619,0.9866340777846517,0.08791039592156673,0.6452368779445997,0.3137609959382009,0.42817924107579725,0.6554462424894986,0.22411690068541154,0.3302144186844354,0.5645929681580601
1831,0.20479588276917482,0.13999944151165786,0.004650028841838887,0.135367089453195,0.34505762639574206,0.003913952840612867,0.6654028513218841,0.5055767149852767,0.9102429977143132,0.3448307625614898,0.510015936509075,0.9085421810786682,0.9990824424876558,0.9322223533536889,0.9563905689023161,0.6906104465280534
1575,0.5005713265331213,0.14044095414030047,0.11500751884818704,0.41324126196249084,0.5840417513849122,0.9634668216318746,0.4707643559866632,0.8455131808576093,0.9832657780080515,0.6571087044820123,0.9717194866229448,0.4372413302778356,0.12479498915119006,0.23731234127422596,0.9210347949181161,0.03381122262149212
1036,0.0289277385821149,0.013473929458049804,0.5572581079834186,0.32940205861325667,0.9017996628548155,0.37095546402116714,0.25659091980346355,0.940072881316481,0.1338432583349419,0.9488235653953444,0.6270291408471551,0.9417439524425375,0.5011038912162359,0.34291175195548473,0.7026619492981961,0.09581448480838453
2141,0.08837918991062581,0.5306790979754366,0.31829302746751653,0.5815539887717639,0.2492360415371773,0.4364016736640713,0.6504003082939589,0.47241277584974645,0.18403248463884492,0.032283493976815625,0.3755802654900452,0.004835605380918224,0.020447097314178226,0.151628946376875,0.9603110844362737,0.23771254507915818
2644,0.09204404051558125,0.06947635086980654,0.43358554838209645,0.9878788605615694,0.1896304526680739,0.0074298662692993695,0.678479896573203,0.35721501017265644,0.9439391703803867,0.6073869539610852,0.8860517322456415,0.25131048179663634,0.09772499802756804,0.012384234316460505,0.003924345028390889,0.7119746609890681
2460,0.36623832120635846,0.2168257619573449,0.08888020002759482,0.1508279759359149,0.09023497925350331,0.6466992063983893,0.7078406389183701,0.37722390866258715,0.40344809360344536,0.1703594141382975,0.3054784526089404,0.8774648901006175,0.8291462152289963,0.21219220622875828,0.4488436151907349,0.5533238352293611
